[    2458ms] [INFO] %cDownload the React DevTools for a better development experience: https://react.dev/link/react-devtools font-weight:bold @ http://localhost:3000/_next/static/chunks/node_modules_next_dist_1ybzpk2._.js:2477
[    2579ms] [LOG] [HMR] connected @ http://localhost:3000/_next/static/chunks/node_modules_next_dist_1ybzpk2._.js:2477
[    2767ms] [WARNING] Image with src "/images/path.svg" was detected as the Largest Contentful Paint (LCP). Please add the `loading="eager"` property if this image is above the fold.
Read more: https://nextjs.org/docs/app/api-reference/components/image#loading @ http://localhost:3000/_next/static/chunks/node_modules_next_dist_1ybzpk2._.js:2477
[    3667ms] [LOG] [Fast Refresh] rebuilding @ http://localhost:3000/_next/static/chunks/node_modules_next_dist_1ybzpk2._.js:2477
[    3707ms] [LOG] [Fast Refresh] done in 141ms @ http://localhost:3000/_next/static/chunks/node_modules_next_dist_1ybzpk2._.js:2477
[  107609ms] [LOG] [Fast Refresh] rebuilding @ http://localhost:3000/_next/static/chunks/node_modules_next_dist_1ybzpk2._.js:2477
[  107877ms] [LOG] [Fast Refresh] done in 58ms @ http://localhost:3000/_next/static/chunks/node_modules_next_dist_1ybzpk2._.js:2477
[  114168ms] [LOG] [Fast Refresh] rebuilding @ http://localhost:3000/_next/static/chunks/node_modules_next_dist_1ybzpk2._.js:2477
[  114583ms] [LOG] [Fast Refresh] done in 53ms @ http://localhost:3000/_next/static/chunks/node_modules_next_dist_1ybzpk2._.js:2477
[  114686ms] [LOG] [Fast Refresh] rebuilding @ http://localhost:3000/_next/static/chunks/node_modules_next_dist_1ybzpk2._.js:2477
[  114773ms] [LOG] [Fast Refresh] done in 188ms @ http://localhost:3000/_next/static/chunks/node_modules_next_dist_1ybzpk2._.js:2477
[  119159ms] [LOG] [Fast Refresh] rebuilding @ http://localhost:3000/_next/static/chunks/node_modules_next_dist_1ybzpk2._.js:2477
[  119358ms] [LOG] [Fast Refresh] done in 299ms @ http://localhost:3000/_next/static/chunks/node_modules_next_dist_1ybzpk2._.js:2477
[  645980ms] [LOG] [Fast Refresh] rebuilding @ http://localhost:3000/_next/static/chunks/node_modules_next_dist_1ybzpk2._.js:2477
[  646247ms] [LOG] [Fast Refresh] done in 106ms @ http://localhost:3000/_next/static/chunks/node_modules_next_dist_1ybzpk2._.js:2477
[  646356ms] [LOG] [Fast Refresh] rebuilding @ http://localhost:3000/_next/static/chunks/node_modules_next_dist_1ybzpk2._.js:2477
[  646447ms] [LOG] [Fast Refresh] done in 191ms @ http://localhost:3000/_next/static/chunks/node_modules_next_dist_1ybzpk2._.js:2477
[  654630ms] [LOG] [Fast Refresh] rebuilding @ http://localhost:3000/_next/static/chunks/node_modules_next_dist_1ybzpk2._.js:2477
[  655650ms] [LOG] [Fast Refresh] done in 1135ms @ http://localhost:3000/_next/static/chunks/node_modules_next_dist_1ybzpk2._.js:2477
[  743651ms] [LOG] [Fast Refresh] rebuilding @ http://localhost:3000/_next/static/chunks/node_modules_next_dist_1ybzpk2._.js:2477
[  743837ms] [WARNING] [Fast Refresh] performing full reload

Fast Refresh will perform a full reload when you edit a file that's imported by modules outside of the React rendering tree.
You might have a file which exports a React component but also exports a value that is imported by a non-React component file.
Consider migrating the non-React component export to a separate file and importing it into both files.

It is also possible the parent component of the component you edited is a class component, which disables Fast Refresh.
Fast Refresh requires at least one parent function component in your React tree. @ http://localhost:3000/_next/static/chunks/node_modules_next_dist_1ybzpk2._.js:2477
[  743897ms] [LOG] [Fast Refresh] done in 271ms @ http://localhost:3000/_next/static/chunks/node_modules_next_dist_1ybzpk2._.js:2477
[  744005ms] [LOG] [Fast Refresh] rebuilding @ http://localhost:3000/_next/static/chunks/node_modules_next_dist_1ybzpk2._.js:2477
[  745333ms] [LOG] [Fast Refresh] done in 1430ms @ http://localhost:3000/_next/static/chunks/node_modules_next_dist_1ybzpk2._.js:2477
[  745677ms] [LOG] [Fast Refresh] rebuilding @ http://localhost:3000/_next/static/chunks/node_modules_next_dist_1ybzpk2._.js:2477
[  747253ms] [LOG] [Fast Refresh] done in 1686ms @ http://localhost:3000/_next/static/chunks/node_modules_next_dist_1ybzpk2._.js:2477
[  747384ms] [LOG] [Fast Refresh] rebuilding @ http://localhost:3000/_next/static/chunks/node_modules_next_dist_1ybzpk2._.js:2477
[  747970ms] [LOG] [Fast Refresh] done in 701ms @ http://localhost:3000/_next/static/chunks/node_modules_next_dist_1ybzpk2._.js:2477
[  748085ms] [LOG] [Fast Refresh] rebuilding @ http://localhost:3000/_next/static/chunks/node_modules_next_dist_1ybzpk2._.js:2477
[  748450ms] [LOG] [Fast Refresh] done in 466ms @ http://localhost:3000/_next/static/chunks/node_modules_next_dist_1ybzpk2._.js:2477
[  748773ms] [INFO] %cDownload the React DevTools for a better development experience: https://react.dev/link/react-devtools font-weight:bold @ http://localhost:3000/_next/static/chunks/node_modules_next_dist_1ybzpk2._.js:2477
[  748825ms] [LOG] [HMR] connected @ http://localhost:3000/_next/static/chunks/node_modules_next_dist_1ybzpk2._.js:2477
[  753135ms] [LOG] [Fast Refresh] rebuilding @ http://localhost:3000/_next/static/chunks/node_modules_next_dist_1ybzpk2._.js:2477
[  753385ms] [LOG] [Fast Refresh] done in 84ms @ http://localhost:3000/_next/static/chunks/node_modules_next_dist_1ybzpk2._.js:2477
[  753499ms] [LOG] [Fast Refresh] rebuilding @ http://localhost:3000/_next/static/chunks/node_modules_next_dist_1ybzpk2._.js:2477
[  753591ms] [LOG] [Fast Refresh] done in 193ms @ http://localhost:3000/_next/static/chunks/node_modules_next_dist_1ybzpk2._.js:2477
[  753699ms] [LOG] [Fast Refresh] rebuilding @ http://localhost:3000/_next/static/chunks/node_modules_next_dist_1ybzpk2._.js:2477
[  753806ms] [LOG] [Fast Refresh] done in 207ms @ http://localhost:3000/_next/static/chunks/node_modules_next_dist_1ybzpk2._.js:2477
[  789150ms] [LOG] [Fast Refresh] rebuilding @ http://localhost:3000/_next/static/chunks/node_modules_next_dist_1ybzpk2._.js:2477
[  789400ms] [LOG] [Fast Refresh] done in 76ms @ http://localhost:3000/_next/static/chunks/node_modules_next_dist_1ybzpk2._.js:2477
[  789608ms] [LOG] [Fast Refresh] rebuilding @ http://localhost:3000/_next/static/chunks/node_modules_next_dist_1ybzpk2._.js:2477
[  789765ms] [LOG] [Fast Refresh] done in 261ms @ http://localhost:3000/_next/static/chunks/node_modules_next_dist_1ybzpk2._.js:2477
[ 1198901ms] [LOG] [Fast Refresh] rebuilding @ http://localhost:3000/_next/static/chunks/node_modules_next_dist_1ybzpk2._.js:2477
[ 1199877ms] [LOG] [Fast Refresh] done in 1066ms @ http://localhost:3000/_next/static/chunks/node_modules_next_dist_1ybzpk2._.js:2477
[ 1199978ms] [LOG] [Fast Refresh] rebuilding @ http://localhost:3000/_next/static/chunks/node_modules_next_dist_1ybzpk2._.js:2477
[ 1200106ms] [LOG] [Fast Refresh] done in 228ms @ http://localhost:3000/_next/static/chunks/node_modules_next_dist_1ybzpk2._.js:2477
[ 1200244ms] [LOG] [Fast Refresh] rebuilding @ http://localhost:3000/_next/static/chunks/node_modules_next_dist_1ybzpk2._.js:2477
[ 1200300ms] [LOG] [Fast Refresh] done in 158ms @ http://localhost:3000/_next/static/chunks/node_modules_next_dist_1ybzpk2._.js:2477
[ 1200458ms] [LOG] [Fast Refresh] rebuilding @ http://localhost:3000/_next/static/chunks/node_modules_next_dist_1ybzpk2._.js:2477
[ 1200471ms] [LOG] [Fast Refresh] done in 114ms @ http://localhost:3000/_next/static/chunks/node_modules_next_dist_1ybzpk2._.js:2477
[ 1200583ms] [LOG] [Fast Refresh] rebuilding @ http://localhost:3000/_next/static/chunks/node_modules_next_dist_1ybzpk2._.js:2477
[ 1200676ms] [LOG] [Fast Refresh] done in 195ms @ http://localhost:3000/_next/static/chunks/node_modules_next_dist_1ybzpk2._.js:2477
[ 1217724ms] [ERROR] Failed to load resource: the server responded with a status of 404 (Not Found) @ http://localhost:3000/testimonials?_rsc=AuIN5InvkbCy_sLU:0
[ 1217787ms] [ERROR] Failed to load resource: the server responded with a status of 404 (Not Found) @ http://localhost:3000/testimonials:0
[ 1217861ms] [INFO] %cDownload the React DevTools for a better development experience: https://react.dev/link/react-devtools font-weight:bold @ http://localhost:3000/_next/static/chunks/node_modules_next_dist_1ybzpk2._.js:2477
[ 1217879ms] [LOG] [HMR] connected @ http://localhost:3000/_next/static/chunks/node_modules_next_dist_1ybzpk2._.js:2477
[ 1310849ms] [LOG] [Fast Refresh] rebuilding @ http://localhost:3000/_next/static/chunks/node_modules_next_dist_1ybzpk2._.js:2477
[ 1310911ms] [LOG] [Fast Refresh] done in 97ms @ http://localhost:3000/_next/static/chunks/node_modules_next_dist_1ybzpk2._.js:2477
[ 1310993ms] [ERROR] Failed to load resource: the server responded with a status of 404 (Not Found) @ http://localhost:3000/testimonials?_rsc=znfyuTjL0n0OlFjg:0
[ 1311045ms] [ERROR] Failed to load resource: the server responded with a status of 404 (Not Found) @ http://localhost:3000/testimonials?_rsc=znfyuTjL0n0OlFjg:0
[ 1311108ms] [LOG] [Fast Refresh] rebuilding @ http://localhost:3000/_next/static/chunks/node_modules_next_dist_1ybzpk2._.js:2477
[ 1311149ms] [LOG] [Fast Refresh] done in 142ms @ http://localhost:3000/_next/static/chunks/node_modules_next_dist_1ybzpk2._.js:2477
[ 1311170ms] [ERROR] Failed to load resource: the server responded with a status of 404 (Not Found) @ http://localhost:3000/testimonials:0
[ 1311331ms] [INFO] %cDownload the React DevTools for a better development experience: https://react.dev/link/react-devtools font-weight:bold @ http://localhost:3000/_next/static/chunks/node_modules_next_dist_1ybzpk2._.js:2477
[ 1311350ms] [LOG] [HMR] connected @ http://localhost:3000/_next/static/chunks/node_modules_next_dist_1ybzpk2._.js:2477
[ 1316191ms] [LOG] [Fast Refresh] rebuilding @ http://localhost:3000/_next/static/chunks/node_modules_next_dist_1ybzpk2._.js:2477
[ 1316279ms] [LOG] [Fast Refresh] done in 200ms @ http://localhost:3000/_next/static/chunks/node_modules_next_dist_1ybzpk2._.js:2477
[ 1316365ms] [ERROR] Failed to load resource: the server responded with a status of 404 (Not Found) @ http://localhost:3000/testimonials?_rsc=znfyuTjL0n0OlFjg:0
[ 1316410ms] [ERROR] Failed to load resource: the server responded with a status of 404 (Not Found) @ http://localhost:3000/testimonials?_rsc=znfyuTjL0n0OlFjg:0
[ 1316480ms] [LOG] [Fast Refresh] rebuilding @ http://localhost:3000/_next/static/chunks/node_modules_next_dist_1ybzpk2._.js:2477
[ 1316506ms] [LOG] [Fast Refresh] done in 127ms @ http://localhost:3000/_next/static/chunks/node_modules_next_dist_1ybzpk2._.js:2477
[ 1316532ms] [ERROR] Failed to load resource: the server responded with a status of 404 (Not Found) @ http://localhost:3000/testimonials:0
[ 1316622ms] [INFO] %cDownload the React DevTools for a better development experience: https://react.dev/link/react-devtools font-weight:bold @ http://localhost:3000/_next/static/chunks/node_modules_next_dist_1ybzpk2._.js:2477
[ 1316640ms] [LOG] [HMR] connected @ http://localhost:3000/_next/static/chunks/node_modules_next_dist_1ybzpk2._.js:2477
[ 1320552ms] [LOG] [Fast Refresh] rebuilding @ http://localhost:3000/_next/static/chunks/node_modules_next_dist_1ybzpk2._.js:2477
[ 1320701ms] [ERROR] Failed to load resource: the server responded with a status of 404 (Not Found) @ http://localhost:3000/testimonials?_rsc=znfyuTjL0n0OlFjg:0
[ 1320725ms] [LOG] [Fast Refresh] done in 58ms @ http://localhost:3000/_next/static/chunks/node_modules_next_dist_1ybzpk2._.js:2477
[ 1320826ms] [LOG] [Fast Refresh] rebuilding @ http://localhost:3000/_next/static/chunks/node_modules_next_dist_1ybzpk2._.js:2477
[ 1320856ms] [LOG] [Fast Refresh] done in 130ms @ http://localhost:3000/_next/static/chunks/node_modules_next_dist_1ybzpk2._.js:2477
[ 1320868ms] [ERROR] Failed to load resource: the server responded with a status of 404 (Not Found) @ http://localhost:3000/testimonials:0
[ 1320919ms] [INFO] %cDownload the React DevTools for a better development experience: https://react.dev/link/react-devtools font-weight:bold @ http://localhost:3000/_next/static/chunks/node_modules_next_dist_1ybzpk2._.js:2477
[ 1320966ms] [LOG] [HMR] connected @ http://localhost:3000/_next/static/chunks/node_modules_next_dist_1ybzpk2._.js:2477
[ 1325281ms] [LOG] [Fast Refresh] rebuilding @ http://localhost:3000/_next/static/chunks/node_modules_next_dist_1ybzpk2._.js:2477
[ 1325289ms] [LOG] [Fast Refresh] done in 72ms @ http://localhost:3000/_next/static/chunks/node_modules_next_dist_1ybzpk2._.js:2477
[ 1325381ms] [ERROR] Failed to load resource: the server responded with a status of 404 (Not Found) @ http://localhost:3000/testimonials?_rsc=znfyuTjL0n0OlFjg:0
[ 1325420ms] [ERROR] Failed to load resource: the server responded with a status of 404 (Not Found) @ http://localhost:3000/testimonials?_rsc=znfyuTjL0n0OlFjg:0
[ 1325493ms] [LOG] [Fast Refresh] rebuilding @ http://localhost:3000/_next/static/chunks/node_modules_next_dist_1ybzpk2._.js:2477
[ 1325541ms] [LOG] [Fast Refresh] done in 148ms @ http://localhost:3000/_next/static/chunks/node_modules_next_dist_1ybzpk2._.js:2477
[ 1325553ms] [ERROR] Failed to load resource: the server responded with a status of 404 (Not Found) @ http://localhost:3000/testimonials:0
[ 1325589ms] [INFO] %cDownload the React DevTools for a better development experience: https://react.dev/link/react-devtools font-weight:bold @ http://localhost:3000/_next/static/chunks/node_modules_next_dist_1ybzpk2._.js:2477
[ 1325613ms] [LOG] [HMR] connected @ http://localhost:3000/_next/static/chunks/node_modules_next_dist_1ybzpk2._.js:2477
[ 1329679ms] [LOG] [Fast Refresh] rebuilding @ http://localhost:3000/_next/static/chunks/node_modules_next_dist_1ybzpk2._.js:2477
[ 1329696ms] [LOG] [Fast Refresh] done in 100ms @ http://localhost:3000/_next/static/chunks/node_modules_next_dist_1ybzpk2._.js:2477
[ 1329811ms] [LOG] [Fast Refresh] rebuilding @ http://localhost:3000/_next/static/chunks/node_modules_next_dist_1ybzpk2._.js:2477
[ 1329901ms] [ERROR] Failed to load resource: the server responded with a status of 404 (Not Found) @ http://localhost:3000/testimonials?_rsc=znfyuTjL0n0OlFjg:0
[ 1329917ms] [LOG] [Fast Refresh] done in 211ms @ http://localhost:3000/_next/static/chunks/node_modules_next_dist_1ybzpk2._.js:2477
[ 1329958ms] [ERROR] Failed to load resource: the server responded with a status of 404 (Not Found) @ http://localhost:3000/testimonials?_rsc=znfyuTjL0n0OlFjg:0
[ 1330100ms] [LOG] [Fast Refresh] rebuilding @ http://localhost:3000/_next/static/chunks/node_modules_next_dist_1ybzpk2._.js:2477
[ 1330113ms] [LOG] [Fast Refresh] done in 116ms @ http://localhost:3000/_next/static/chunks/node_modules_next_dist_1ybzpk2._.js:2477
[ 1330125ms] [ERROR] Failed to load resource: the server responded with a status of 404 (Not Found) @ http://localhost:3000/testimonials:0
[ 1330167ms] [INFO] %cDownload the React DevTools for a better development experience: https://react.dev/link/react-devtools font-weight:bold @ http://localhost:3000/_next/static/chunks/node_modules_next_dist_1ybzpk2._.js:2477
[ 1330188ms] [LOG] [HMR] connected @ http://localhost:3000/_next/static/chunks/node_modules_next_dist_1ybzpk2._.js:2477
[ 1335211ms] [LOG] [Fast Refresh] rebuilding @ http://localhost:3000/_next/static/chunks/node_modules_next_dist_1ybzpk2._.js:2477
[ 1335312ms] [ERROR] Failed to load resource: the server responded with a status of 404 (Not Found) @ http://localhost:3000/testimonials?_rsc=znfyuTjL0n0OlFjg:0
[ 1335323ms] [LOG] [Fast Refresh] done in 85ms @ http://localhost:3000/_next/static/chunks/node_modules_next_dist_1ybzpk2._.js:2477
[ 1335374ms] [ERROR] Failed to load resource: the server responded with a status of 404 (Not Found) @ http://localhost:3000/testimonials?_rsc=znfyuTjL0n0OlFjg:0
[ 1335549ms] [ERROR] Failed to load resource: the server responded with a status of 404 (Not Found) @ http://localhost:3000/testimonials:0
[ 1335623ms] [INFO] %cDownload the React DevTools for a better development experience: https://react.dev/link/react-devtools font-weight:bold @ http://localhost:3000/_next/static/chunks/node_modules_next_dist_1ybzpk2._.js:2477
[ 1335686ms] [LOG] [HMR] connected @ http://localhost:3000/_next/static/chunks/node_modules_next_dist_1ybzpk2._.js:2477
[ 1340205ms] [LOG] [Fast Refresh] rebuilding @ http://localhost:3000/_next/static/chunks/node_modules_next_dist_1ybzpk2._.js:2477
[ 1340369ms] [ERROR] Failed to load resource: the server responded with a status of 404 (Not Found) @ http://localhost:3000/testimonials?_rsc=znfyuTjL0n0OlFjg:0
[ 1340381ms] [LOG] [Fast Refresh] done in 67ms @ http://localhost:3000/_next/static/chunks/node_modules_next_dist_1ybzpk2._.js:2477
[ 1340416ms] [ERROR] Failed to load resource: the server responded with a status of 404 (Not Found) @ http://localhost:3000/testimonials?_rsc=znfyuTjL0n0OlFjg:0
[ 1340483ms] [LOG] [Fast Refresh] rebuilding @ http://localhost:3000/_next/static/chunks/node_modules_next_dist_1ybzpk2._.js:2477
[ 1340518ms] [LOG] [Fast Refresh] done in 137ms @ http://localhost:3000/_next/static/chunks/node_modules_next_dist_1ybzpk2._.js:2477
[ 1340530ms] [ERROR] Failed to load resource: the server responded with a status of 404 (Not Found) @ http://localhost:3000/testimonials:0
[ 1340590ms] [INFO] %cDownload the React DevTools for a better development experience: https://react.dev/link/react-devtools font-weight:bold @ http://localhost:3000/_next/static/chunks/node_modules_next_dist_1ybzpk2._.js:2477
[ 1340621ms] [LOG] [HMR] connected @ http://localhost:3000/_next/static/chunks/node_modules_next_dist_1ybzpk2._.js:2477
[ 1530946ms] [LOG] [Fast Refresh] rebuilding @ http://localhost:3000/_next/static/chunks/node_modules_next_dist_1ybzpk2._.js:2477
[ 1531112ms] [ERROR] Failed to load resource: the server responded with a status of 404 (Not Found) @ http://localhost:3000/testimonials?_rsc=znfyuTjL0n0OlFjg:0
[ 1531142ms] [LOG] [Fast Refresh] done in 84ms @ http://localhost:3000/_next/static/chunks/node_modules_next_dist_1ybzpk2._.js:2477
[ 1531243ms] [LOG] [Fast Refresh] rebuilding @ http://localhost:3000/_next/static/chunks/node_modules_next_dist_1ybzpk2._.js:2477
[ 1531254ms] [LOG] [Fast Refresh] done in 110ms @ http://localhost:3000/_next/static/chunks/node_modules_next_dist_1ybzpk2._.js:2477
[ 1531263ms] [ERROR] Failed to load resource: the server responded with a status of 404 (Not Found) @ http://localhost:3000/testimonials:0
[ 1531434ms] [INFO] %cDownload the React DevTools for a better development experience: https://react.dev/link/react-devtools font-weight:bold @ http://localhost:3000/_next/static/chunks/node_modules_next_dist_1ybzpk2._.js:2477
[ 1531538ms] [LOG] [HMR] connected @ http://localhost:3000/_next/static/chunks/node_modules_next_dist_1ybzpk2._.js:2477
[ 1533330ms] [LOG] [Fast Refresh] rebuilding @ http://localhost:3000/_next/static/chunks/node_modules_next_dist_1ybzpk2._.js:2477
[ 1533375ms] [LOG] [Fast Refresh] done in 72ms @ http://localhost:3000/_next/static/chunks/node_modules_next_dist_1ybzpk2._.js:2477
[ 1533541ms] [LOG] [Fast Refresh] rebuilding @ http://localhost:3000/_next/static/chunks/node_modules_next_dist_1ybzpk2._.js:2477
[ 1533843ms] [ERROR] Failed to load resource: the server responded with a status of 404 (Not Found) @ http://localhost:3000/testimonials?_rsc=znfyuTjL0n0OlFjg:0
[ 1533947ms] [LOG] [Fast Refresh] done in 566ms @ http://localhost:3000/_next/static/chunks/node_modules_next_dist_1ybzpk2._.js:2477
[ 1534096ms] [LOG] [Fast Refresh] rebuilding @ http://localhost:3000/_next/static/chunks/node_modules_next_dist_1ybzpk2._.js:2477
[ 1534097ms] [ERROR] Failed to load resource: the server responded with a status of 404 (Not Found) @ http://localhost:3000/testimonials?_rsc=znfyuTjL0n0OlFjg:0
[ 1534128ms] [LOG] [Fast Refresh] done in 149ms @ http://localhost:3000/_next/static/chunks/node_modules_next_dist_1ybzpk2._.js:2477
[ 1534236ms] [LOG] [Fast Refresh] rebuilding @ http://localhost:3000/_next/static/chunks/node_modules_next_dist_1ybzpk2._.js:2477
[ 1534483ms] [LOG] [Fast Refresh] done in 350ms @ http://localhost:3000/_next/static/chunks/node_modules_next_dist_1ybzpk2._.js:2477
[ 1534519ms] [ERROR] Failed to load resource: the server responded with a status of 404 (Not Found) @ http://localhost:3000/testimonials:0
[ 1534814ms] [INFO] %cDownload the React DevTools for a better development experience: https://react.dev/link/react-devtools font-weight:bold @ http://localhost:3000/_next/static/chunks/node_modules_next_dist_1ybzpk2._.js:2477
[ 1534934ms] [LOG] [HMR] connected @ http://localhost:3000/_next/static/chunks/node_modules_next_dist_1ybzpk2._.js:2477
[ 1539574ms] [LOG] [Fast Refresh] rebuilding @ http://localhost:3000/_next/static/chunks/node_modules_next_dist_1ybzpk2._.js:2477
[ 1540188ms] [LOG] [Fast Refresh] done in 375ms @ http://localhost:3000/_next/static/chunks/node_modules_next_dist_1ybzpk2._.js:2477
[ 1540477ms] [LOG] [Fast Refresh] rebuilding @ http://localhost:3000/_next/static/chunks/node_modules_next_dist_1ybzpk2._.js:2477
[ 1540727ms] [ERROR] Failed to load resource: the server responded with a status of 404 (Not Found) @ http://localhost:3000/testimonials?_rsc=znfyuTjL0n0OlFjg:0
[ 1540758ms] [LOG] [Fast Refresh] done in 444ms @ http://localhost:3000/_next/static/chunks/node_modules_next_dist_1ybzpk2._.js:2477
[ 1540889ms] [LOG] [Fast Refresh] rebuilding @ http://localhost:3000/_next/static/chunks/node_modules_next_dist_1ybzpk2._.js:2477
[ 1541162ms] [LOG] [Fast Refresh] done in 378ms @ http://localhost:3000/_next/static/chunks/node_modules_next_dist_1ybzpk2._.js:2477
[ 1541193ms] [ERROR] Failed to load resource: the server responded with a status of 404 (Not Found) @ http://localhost:3000/testimonials:0
[ 1541468ms] [INFO] %cDownload the React DevTools for a better development experience: https://react.dev/link/react-devtools font-weight:bold @ http://localhost:3000/_next/static/chunks/node_modules_next_dist_1ybzpk2._.js:2477
[ 1541608ms] [LOG] [HMR] connected @ http://localhost:3000/_next/static/chunks/node_modules_next_dist_1ybzpk2._.js:2477
[ 1542738ms] [LOG] [Fast Refresh] rebuilding @ http://localhost:3000/_next/static/chunks/node_modules_next_dist_1ybzpk2._.js:2477
[ 1542845ms] [LOG] [Fast Refresh] done in 187ms @ http://localhost:3000/_next/static/chunks/node_modules_next_dist_1ybzpk2._.js:2477
[ 1542989ms] [LOG] [Fast Refresh] rebuilding @ http://localhost:3000/_next/static/chunks/node_modules_next_dist_1ybzpk2._.js:2477
[ 1543243ms] [ERROR] Failed to load resource: the server responded with a status of 404 (Not Found) @ http://localhost:3000/testimonials?_rsc=znfyuTjL0n0OlFjg:0
[ 1543275ms] [LOG] [Fast Refresh] done in 387ms @ http://localhost:3000/_next/static/chunks/node_modules_next_dist_1ybzpk2._.js:2477
[ 1543398ms] [LOG] [Fast Refresh] rebuilding @ http://localhost:3000/_next/static/chunks/node_modules_next_dist_1ybzpk2._.js:2477
[ 1543598ms] [LOG] [Fast Refresh] done in 300ms @ http://localhost:3000/_next/static/chunks/node_modules_next_dist_1ybzpk2._.js:2477
[ 1543631ms] [ERROR] Failed to load resource: the server responded with a status of 404 (Not Found) @ http://localhost:3000/testimonials:0
[ 1543725ms] [INFO] %cDownload the React DevTools for a better development experience: https://react.dev/link/react-devtools font-weight:bold @ http://localhost:3000/_next/static/chunks/node_modules_next_dist_1ybzpk2._.js:2477
[ 1543798ms] [LOG] [HMR] connected @ http://localhost:3000/_next/static/chunks/node_modules_next_dist_1ybzpk2._.js:2477
[ 1547985ms] [LOG] [Fast Refresh] rebuilding @ http://localhost:3000/_next/static/chunks/node_modules_next_dist_1ybzpk2._.js:2477
[ 1548226ms] [LOG] [Fast Refresh] done in 310ms @ http://localhost:3000/_next/static/chunks/node_modules_next_dist_1ybzpk2._.js:2477
[ 1548447ms] [LOG] [Fast Refresh] rebuilding @ http://localhost:3000/_next/static/chunks/node_modules_next_dist_1ybzpk2._.js:2477
[ 1548828ms] [ERROR] Failed to load resource: the server responded with a status of 404 (Not Found) @ http://localhost:3000/testimonials?_rsc=znfyuTjL0n0OlFjg:0
[ 1548911ms] [LOG] [Fast Refresh] done in 654ms @ http://localhost:3000/_next/static/chunks/node_modules_next_dist_1ybzpk2._.js:2477
[ 1549306ms] [LOG] [Fast Refresh] rebuilding @ http://localhost:3000/_next/static/chunks/node_modules_next_dist_1ybzpk2._.js:2477
[ 1549358ms] [ERROR] Failed to load resource: the server responded with a status of 404 (Not Found) @ http://localhost:3000/testimonials?_rsc=znfyuTjL0n0OlFjg:0
[ 1549993ms] [LOG] [Fast Refresh] done in 788ms @ http://localhost:3000/_next/static/chunks/node_modules_next_dist_1ybzpk2._.js:2477
[ 1550049ms] [ERROR] Failed to load resource: the server responded with a status of 404 (Not Found) @ http://localhost:3000/testimonials:0
[ 1550241ms] [INFO] %cDownload the React DevTools for a better development experience: https://react.dev/link/react-devtools font-weight:bold @ http://localhost:3000/_next/static/chunks/node_modules_next_dist_1ybzpk2._.js:2477
[ 1550359ms] [LOG] [HMR] connected @ http://localhost:3000/_next/static/chunks/node_modules_next_dist_1ybzpk2._.js:2477
[ 1560537ms] [LOG] [Fast Refresh] rebuilding @ http://localhost:3000/_next/static/chunks/node_modules_next_dist_1ybzpk2._.js:2477
[ 1560558ms] [LOG] [Fast Refresh] done in 114ms @ http://localhost:3000/_next/static/chunks/node_modules_next_dist_1ybzpk2._.js:2477
[ 1560659ms] [LOG] [Fast Refresh] rebuilding @ http://localhost:3000/_next/static/chunks/node_modules_next_dist_1ybzpk2._.js:2477
[ 1560753ms] [ERROR] Failed to load resource: the server responded with a status of 404 (Not Found) @ http://localhost:3000/testimonials?_rsc=znfyuTjL0n0OlFjg:0
[ 1560772ms] [LOG] [Fast Refresh] done in 214ms @ http://localhost:3000/_next/static/chunks/node_modules_next_dist_1ybzpk2._.js:2477
[ 1560829ms] [ERROR] Failed to load resource: the server responded with a status of 404 (Not Found) @ http://localhost:3000/testimonials?_rsc=znfyuTjL0n0OlFjg:0
[ 1560874ms] [LOG] [Fast Refresh] rebuilding @ http://localhost:3000/_next/static/chunks/node_modules_next_dist_1ybzpk2._.js:2477
[ 1560878ms] [LOG] [Fast Refresh] done in 104ms @ http://localhost:3000/_next/static/chunks/node_modules_next_dist_1ybzpk2._.js:2477
[ 1560997ms] [ERROR] Failed to load resource: the server responded with a status of 404 (Not Found) @ http://localhost:3000/testimonials:0
[ 1561061ms] [INFO] %cDownload the React DevTools for a better development experience: https://react.dev/link/react-devtools font-weight:bold @ http://localhost:3000/_next/static/chunks/node_modules_next_dist_1ybzpk2._.js:2477
[ 1561098ms] [LOG] [HMR] connected @ http://localhost:3000/_next/static/chunks/node_modules_next_dist_1ybzpk2._.js:2477
[ 1562325ms] [LOG] [Fast Refresh] rebuilding @ http://localhost:3000/_next/static/chunks/node_modules_next_dist_1ybzpk2._.js:2477
[ 1562423ms] [LOG] [Fast Refresh] done in 153ms @ http://localhost:3000/_next/static/chunks/node_modules_next_dist_1ybzpk2._.js:2477
[ 1562530ms] [LOG] [Fast Refresh] rebuilding @ http://localhost:3000/_next/static/chunks/node_modules_next_dist_1ybzpk2._.js:2477
[ 1562630ms] [ERROR] Failed to load resource: the server responded with a status of 404 (Not Found) @ http://localhost:3000/testimonials?_rsc=znfyuTjL0n0OlFjg:0
[ 1562659ms] [LOG] [Fast Refresh] done in 229ms @ http://localhost:3000/_next/static/chunks/node_modules_next_dist_1ybzpk2._.js:2477
[ 1562734ms] [ERROR] Failed to load resource: the server responded with a status of 404 (Not Found) @ http://localhost:3000/testimonials?_rsc=znfyuTjL0n0OlFjg:0
[ 1562857ms] [LOG] [Fast Refresh] rebuilding @ http://localhost:3000/_next/static/chunks/node_modules_next_dist_1ybzpk2._.js:2477
[ 1562937ms] [LOG] [Fast Refresh] done in 181ms @ http://localhost:3000/_next/static/chunks/node_modules_next_dist_1ybzpk2._.js:2477
[ 1562955ms] [ERROR] Failed to load resource: the server responded with a status of 404 (Not Found) @ http://localhost:3000/testimonials:0
[ 1563123ms] [INFO] %cDownload the React DevTools for a better development experience: https://react.dev/link/react-devtools font-weight:bold @ http://localhost:3000/_next/static/chunks/node_modules_next_dist_1ybzpk2._.js:2477
[ 1563157ms] [LOG] [HMR] connected @ http://localhost:3000/_next/static/chunks/node_modules_next_dist_1ybzpk2._.js:2477
[ 1571235ms] [LOG] [Fast Refresh] rebuilding @ http://localhost:3000/_next/static/chunks/node_modules_next_dist_1ybzpk2._.js:2477
[ 1571358ms] [ERROR] Failed to load resource: the server responded with a status of 404 (Not Found) @ http://localhost:3000/testimonials?_rsc=znfyuTjL0n0OlFjg:0
[ 1571372ms] [LOG] [Fast Refresh] done in 69ms @ http://localhost:3000/_next/static/chunks/node_modules_next_dist_1ybzpk2._.js:2477
[ 1571474ms] [LOG] [Fast Refresh] rebuilding @ http://localhost:3000/_next/static/chunks/node_modules_next_dist_1ybzpk2._.js:2477
[ 1571482ms] [LOG] [Fast Refresh] done in 109ms @ http://localhost:3000/_next/static/chunks/node_modules_next_dist_1ybzpk2._.js:2477
[ 1571492ms] [ERROR] Failed to load resource: the server responded with a status of 404 (Not Found) @ http://localhost:3000/testimonials:0
[ 1571641ms] [INFO] %cDownload the React DevTools for a better development experience: https://react.dev/link/react-devtools font-weight:bold @ http://localhost:3000/_next/static/chunks/node_modules_next_dist_1ybzpk2._.js:2477
[ 1571676ms] [LOG] [HMR] connected @ http://localhost:3000/_next/static/chunks/node_modules_next_dist_1ybzpk2._.js:2477
[ 1572627ms] [LOG] [Fast Refresh] rebuilding @ http://localhost:3000/_next/static/chunks/node_modules_next_dist_1ybzpk2._.js:2477
[ 1572647ms] [LOG] [Fast Refresh] done in 95ms @ http://localhost:3000/_next/static/chunks/node_modules_next_dist_1ybzpk2._.js:2477
[ 1572750ms] [LOG] [Fast Refresh] rebuilding @ http://localhost:3000/_next/static/chunks/node_modules_next_dist_1ybzpk2._.js:2477
[ 1572935ms] [ERROR] Failed to load resource: the server responded with a status of 404 (Not Found) @ http://localhost:3000/testimonials?_rsc=znfyuTjL0n0OlFjg:0
[ 1572942ms] [LOG] [Fast Refresh] done in 292ms @ http://localhost:3000/_next/static/chunks/node_modules_next_dist_1ybzpk2._.js:2477
[ 1573055ms] [LOG] [Fast Refresh] rebuilding @ http://localhost:3000/_next/static/chunks/node_modules_next_dist_1ybzpk2._.js:2477
[ 1573210ms] [LOG] [Fast Refresh] done in 256ms @ http://localhost:3000/_next/static/chunks/node_modules_next_dist_1ybzpk2._.js:2477
[ 1573227ms] [ERROR] Failed to load resource: the server responded with a status of 404 (Not Found) @ http://localhost:3000/testimonials:0
[ 1573292ms] [INFO] %cDownload the React DevTools for a better development experience: https://react.dev/link/react-devtools font-weight:bold @ http://localhost:3000/_next/static/chunks/node_modules_next_dist_1ybzpk2._.js:2477
[ 1573327ms] [LOG] [HMR] connected @ http://localhost:3000/_next/static/chunks/node_modules_next_dist_1ybzpk2._.js:2477
[ 1586401ms] [LOG] [Fast Refresh] rebuilding @ http://localhost:3000/_next/static/chunks/node_modules_next_dist_1ybzpk2._.js:2477
[ 1586602ms] [ERROR] Failed to load resource: the server responded with a status of 404 (Not Found) @ http://localhost:3000/testimonials?_rsc=znfyuTjL0n0OlFjg:0
[ 1586624ms] [LOG] [Fast Refresh] done in 118ms @ http://localhost:3000/_next/static/chunks/node_modules_next_dist_1ybzpk2._.js:2477
[ 1586725ms] [LOG] [Fast Refresh] rebuilding @ http://localhost:3000/_next/static/chunks/node_modules_next_dist_1ybzpk2._.js:2477
[ 1586774ms] [LOG] [Fast Refresh] done in 149ms @ http://localhost:3000/_next/static/chunks/node_modules_next_dist_1ybzpk2._.js:2477
[ 1586795ms] [ERROR] Failed to load resource: the server responded with a status of 404 (Not Found) @ http://localhost:3000/testimonials:0
[ 1586873ms] [INFO] %cDownload the React DevTools for a better development experience: https://react.dev/link/react-devtools font-weight:bold @ http://localhost:3000/_next/static/chunks/node_modules_next_dist_1ybzpk2._.js:2477
[ 1586970ms] [LOG] [HMR] connected @ http://localhost:3000/_next/static/chunks/node_modules_next_dist_1ybzpk2._.js:2477
[ 1589534ms] [LOG] [Fast Refresh] rebuilding @ http://localhost:3000/_next/static/chunks/node_modules_next_dist_1ybzpk2._.js:2477
[ 1589542ms] [LOG] [Fast Refresh] done in 76ms @ http://localhost:3000/_next/static/chunks/node_modules_next_dist_1ybzpk2._.js:2477
[ 1589653ms] [LOG] [Fast Refresh] rebuilding @ http://localhost:3000/_next/static/chunks/node_modules_next_dist_1ybzpk2._.js:2477
[ 1589854ms] [ERROR] Failed to load resource: the server responded with a status of 404 (Not Found) @ http://localhost:3000/testimonials?_rsc=znfyuTjL0n0OlFjg:0
[ 1589908ms] [LOG] [Fast Refresh] done in 354ms @ http://localhost:3000/_next/static/chunks/node_modules_next_dist_1ybzpk2._.js:2477
[ 1590052ms] [LOG] [Fast Refresh] rebuilding @ http://localhost:3000/_next/static/chunks/node_modules_next_dist_1ybzpk2._.js:2477
[ 1590270ms] [LOG] [Fast Refresh] done in 321ms @ http://localhost:3000/_next/static/chunks/node_modules_next_dist_1ybzpk2._.js:2477
[ 1590298ms] [ERROR] Failed to load resource: the server responded with a status of 404 (Not Found) @ http://localhost:3000/testimonials:0
[ 1590392ms] [INFO] %cDownload the React DevTools for a better development experience: https://react.dev/link/react-devtools font-weight:bold @ http://localhost:3000/_next/static/chunks/node_modules_next_dist_1ybzpk2._.js:2477
[ 1590485ms] [LOG] [HMR] connected @ http://localhost:3000/_next/static/chunks/node_modules_next_dist_1ybzpk2._.js:2477
[ 1600080ms] [LOG] [Fast Refresh] rebuilding @ http://localhost:3000/_next/static/chunks/node_modules_next_dist_1ybzpk2._.js:2477
[ 1600165ms] [LOG] [Fast Refresh] done in 184ms @ http://localhost:3000/_next/static/chunks/node_modules_next_dist_1ybzpk2._.js:2477
[ 1600278ms] [LOG] [Fast Refresh] rebuilding @ http://localhost:3000/_next/static/chunks/node_modules_next_dist_1ybzpk2._.js:2477
[ 1600447ms] [ERROR] Failed to load resource: the server responded with a status of 404 (Not Found) @ http://localhost:3000/testimonials?_rsc=znfyuTjL0n0OlFjg:0
[ 1600472ms] [LOG] [Fast Refresh] done in 296ms @ http://localhost:3000/_next/static/chunks/node_modules_next_dist_1ybzpk2._.js:2477
[ 1600550ms] [ERROR] Failed to load resource: the server responded with a status of 404 (Not Found) @ http://localhost:3000/testimonials?_rsc=znfyuTjL0n0OlFjg:0
[ 1600574ms] [LOG] [Fast Refresh] rebuilding @ http://localhost:3000/_next/static/chunks/node_modules_next_dist_1ybzpk2._.js:2477
[ 1600633ms] [LOG] [Fast Refresh] done in 159ms @ http://localhost:3000/_next/static/chunks/node_modules_next_dist_1ybzpk2._.js:2477
[ 1600788ms] [ERROR] Failed to load resource: the server responded with a status of 404 (Not Found) @ http://localhost:3000/testimonials:0
[ 1600966ms] [INFO] %cDownload the React DevTools for a better development experience: https://react.dev/link/react-devtools font-weight:bold @ http://localhost:3000/_next/static/chunks/node_modules_next_dist_1ybzpk2._.js:2477
[ 1600998ms] [LOG] [HMR] connected @ http://localhost:3000/_next/static/chunks/node_modules_next_dist_1ybzpk2._.js:2477
[ 1601334ms] [LOG] [Fast Refresh] rebuilding @ http://localhost:3000/_next/static/chunks/node_modules_next_dist_1ybzpk2._.js:2477
[ 1601365ms] [LOG] [Fast Refresh] done in 127ms @ http://localhost:3000/_next/static/chunks/node_modules_next_dist_1ybzpk2._.js:2477
[ 1601466ms] [LOG] [Fast Refresh] rebuilding @ http://localhost:3000/_next/static/chunks/node_modules_next_dist_1ybzpk2._.js:2477
[ 1601584ms] [ERROR] Failed to load resource: the server responded with a status of 404 (Not Found) @ http://localhost:3000/testimonials?_rsc=znfyuTjL0n0OlFjg:0
[ 1601614ms] [LOG] [Fast Refresh] done in 248ms @ http://localhost:3000/_next/static/chunks/node_modules_next_dist_1ybzpk2._.js:2477
[ 1601691ms] [ERROR] Failed to load resource: the server responded with a status of 404 (Not Found) @ http://localhost:3000/testimonials?_rsc=znfyuTjL0n0OlFjg:0
[ 1601717ms] [LOG] [Fast Refresh] rebuilding @ http://localhost:3000/_next/static/chunks/node_modules_next_dist_1ybzpk2._.js:2477
[ 1601762ms] [LOG] [Fast Refresh] done in 146ms @ http://localhost:3000/_next/static/chunks/node_modules_next_dist_1ybzpk2._.js:2477
[ 1601928ms] [ERROR] Failed to load resource: the server responded with a status of 404 (Not Found) @ http://localhost:3000/testimonials:0
[ 1601983ms] [INFO] %cDownload the React DevTools for a better development experience: https://react.dev/link/react-devtools font-weight:bold @ http://localhost:3000/_next/static/chunks/node_modules_next_dist_1ybzpk2._.js:2477
[ 1602016ms] [LOG] [HMR] connected @ http://localhost:3000/_next/static/chunks/node_modules_next_dist_1ybzpk2._.js:2477
[ 1610343ms] [LOG] [Fast Refresh] rebuilding @ http://localhost:3000/_next/static/chunks/node_modules_next_dist_1ybzpk2._.js:2477
[ 1610436ms] [LOG] [Fast Refresh] done in 182ms @ http://localhost:3000/_next/static/chunks/node_modules_next_dist_1ybzpk2._.js:2477
[ 1610545ms] [LOG] [Fast Refresh] rebuilding @ http://localhost:3000/_next/static/chunks/node_modules_next_dist_1ybzpk2._.js:2477
[ 1610733ms] [ERROR] Failed to load resource: the server responded with a status of 404 (Not Found) @ http://localhost:3000/testimonials?_rsc=znfyuTjL0n0OlFjg:0
[ 1610772ms] [LOG] [Fast Refresh] done in 328ms @ http://localhost:3000/_next/static/chunks/node_modules_next_dist_1ybzpk2._.js:2477
[ 1610888ms] [ERROR] Failed to load resource: the server responded with a status of 404 (Not Found) @ http://localhost:3000/testimonials?_rsc=znfyuTjL0n0OlFjg:0
[ 1610900ms] [LOG] [Fast Refresh] rebuilding @ http://localhost:3000/_next/static/chunks/node_modules_next_dist_1ybzpk2._.js:2477
[ 1611004ms] [LOG] [Fast Refresh] done in 215ms @ http://localhost:3000/_next/static/chunks/node_modules_next_dist_1ybzpk2._.js:2477
[ 1611246ms] [ERROR] Failed to load resource: the server responded with a status of 404 (Not Found) @ http://localhost:3000/testimonials:0
[ 1611595ms] [INFO] %cDownload the React DevTools for a better development experience: https://react.dev/link/react-devtools font-weight:bold @ http://localhost:3000/_next/static/chunks/node_modules_next_dist_1ybzpk2._.js:2477
[ 1611648ms] [LOG] [HMR] connected @ http://localhost:3000/_next/static/chunks/node_modules_next_dist_1ybzpk2._.js:2477
[ 2239754ms] [LOG] [Fast Refresh] rebuilding @ http://localhost:3000/_next/static/chunks/node_modules_next_dist_1ybzpk2._.js:2477
[ 2241796ms] [LOG] [Fast Refresh] done in 2142ms @ http://localhost:3000/_next/static/chunks/node_modules_next_dist_1ybzpk2._.js:2477
[ 2411402ms] [LOG] [Fast Refresh] rebuilding @ http://localhost:3000/_next/static/chunks/node_modules_next_dist_1ybzpk2._.js:2477
[ 2411411ms] [LOG] [Fast Refresh] done in 91ms @ http://localhost:3000/_next/static/chunks/node_modules_next_dist_1ybzpk2._.js:2477
[ 2411513ms] [LOG] [Fast Refresh] rebuilding @ http://localhost:3000/_next/static/chunks/node_modules_next_dist_1ybzpk2._.js:2477
[ 2411594ms] [LOG] [Fast Refresh] done in 182ms @ http://localhost:3000/_next/static/chunks/node_modules_next_dist_1ybzpk2._.js:2477
[ 2411625ms] [ERROR] Failed to load resource: the server responded with a status of 404 (Not Found) @ http://localhost:3000/testimonials?_rsc=znfyuTjL0n0OlFjg:0
[ 2411697ms] [LOG] [Fast Refresh] rebuilding @ http://localhost:3000/_next/static/chunks/node_modules_next_dist_1ybzpk2._.js:2477
[ 2411790ms] [LOG] [Fast Refresh] done in 193ms @ http://localhost:3000/_next/static/chunks/node_modules_next_dist_1ybzpk2._.js:2477
[ 2411930ms] [ERROR] Failed to load resource: the server responded with a status of 404 (Not Found) @ http://localhost:3000/testimonials:0
[ 2412160ms] [INFO] %cDownload the React DevTools for a better development experience: https://react.dev/link/react-devtools font-weight:bold @ http://localhost:3000/_next/static/chunks/node_modules_next_dist_1ybzpk2._.js:2477
[ 2412374ms] [LOG] [HMR] connected @ http://localhost:3000/_next/static/chunks/node_modules_next_dist_1ybzpk2._.js:2477
[ 2417781ms] [LOG] [Fast Refresh] rebuilding @ http://localhost:3000/_next/static/chunks/node_modules_next_dist_1ybzpk2._.js:2477
[ 2417847ms] [LOG] [Fast Refresh] done in 105ms @ http://localhost:3000/_next/static/chunks/node_modules_next_dist_1ybzpk2._.js:2477
[ 2417961ms] [LOG] [Fast Refresh] rebuilding @ http://localhost:3000/_next/static/chunks/node_modules_next_dist_1ybzpk2._.js:2477
[ 2418295ms] [ERROR] Failed to load resource: the server responded with a status of 404 (Not Found) @ http://localhost:3000/testimonials?_rsc=znfyuTjL0n0OlFjg:0
[ 2418315ms] [LOG] [Fast Refresh] done in 456ms @ http://localhost:3000/_next/static/chunks/node_modules_next_dist_1ybzpk2._.js:2477
[ 2418479ms] [ERROR] Failed to load resource: the server responded with a status of 404 (Not Found) @ http://localhost:3000/testimonials?_rsc=znfyuTjL0n0OlFjg:0
[ 2418493ms] [LOG] [Fast Refresh] rebuilding @ http://localhost:3000/_next/static/chunks/node_modules_next_dist_1ybzpk2._.js:2477
[ 2418957ms] [LOG] [Fast Refresh] done in 575ms @ http://localhost:3000/_next/static/chunks/node_modules_next_dist_1ybzpk2._.js:2477
[ 2419169ms] [ERROR] Failed to load resource: the server responded with a status of 404 (Not Found) @ http://localhost:3000/testimonials:0
[ 2419312ms] [INFO] %cDownload the React DevTools for a better development experience: https://react.dev/link/react-devtools font-weight:bold @ http://localhost:3000/_next/static/chunks/node_modules_next_dist_1ybzpk2._.js:2477
[ 2419424ms] [LOG] [HMR] connected @ http://localhost:3000/_next/static/chunks/node_modules_next_dist_1ybzpk2._.js:2477
[ 2422510ms] [LOG] [Fast Refresh] rebuilding @ http://localhost:3000/_next/static/chunks/node_modules_next_dist_1ybzpk2._.js:2477
[ 2423966ms] [LOG] [Fast Refresh] done in 1498ms @ http://localhost:3000/_next/static/chunks/node_modules_next_dist_1ybzpk2._.js:2477
[ 2424455ms] [LOG] [Fast Refresh] rebuilding @ http://localhost:3000/_next/static/chunks/node_modules_next_dist_1ybzpk2._.js:2477
[ 2424458ms] [LOG] [Fast Refresh] done in 426ms @ http://localhost:3000/_next/static/chunks/node_modules_next_dist_1ybzpk2._.js:2477
[ 2424460ms] [ERROR] Failed to load resource: the server responded with a status of 404 (Not Found) @ http://localhost:3000/testimonials?_rsc=znfyuTjL0n0OlFjg:0
[ 2424756ms] [LOG] [Fast Refresh] rebuilding @ http://localhost:3000/_next/static/chunks/node_modules_next_dist_1ybzpk2._.js:2477
[ 2425340ms] [LOG] [Fast Refresh] done in 868ms @ http://localhost:3000/_next/static/chunks/node_modules_next_dist_1ybzpk2._.js:2477
[ 2425619ms] [LOG] [Fast Refresh] rebuilding @ http://localhost:3000/_next/static/chunks/node_modules_next_dist_1ybzpk2._.js:2477
[ 2427367ms] [LOG] [Fast Refresh] done in 1878ms @ http://localhost:3000/_next/static/chunks/node_modules_next_dist_1ybzpk2._.js:2477
[ 2427386ms] [ERROR] Failed to load resource: the server responded with a status of 404 (Not Found) @ http://localhost:3000/testimonials:0
[ 2430524ms] [INFO] %cDownload the React DevTools for a better development experience: https://react.dev/link/react-devtools font-weight:bold @ http://localhost:3000/_next/static/chunks/node_modules_next_dist_1ybzpk2._.js:2477
[ 2430976ms] [LOG] [HMR] connected @ http://localhost:3000/_next/static/chunks/node_modules_next_dist_1ybzpk2._.js:2477
[ 2437975ms] [LOG] [Fast Refresh] rebuilding @ http://localhost:3000/_next/static/chunks/node_modules_next_dist_1ybzpk2._.js:2477
[ 2438055ms] [LOG] [Fast Refresh] done in 130ms @ http://localhost:3000/_next/static/chunks/node_modules_next_dist_1ybzpk2._.js:2477
[ 2438174ms] [LOG] [Fast Refresh] rebuilding @ http://localhost:3000/_next/static/chunks/node_modules_next_dist_1ybzpk2._.js:2477
[ 2438952ms] [LOG] [Fast Refresh] done in 879ms @ http://localhost:3000/_next/static/chunks/node_modules_next_dist_1ybzpk2._.js:2477
[ 2439019ms] [ERROR] Failed to load resource: the server responded with a status of 404 (Not Found) @ http://localhost:3000/testimonials?_rsc=znfyuTjL0n0OlFjg:0
[ 2439133ms] [LOG] [Fast Refresh] rebuilding @ http://localhost:3000/_next/static/chunks/node_modules_next_dist_1ybzpk2._.js:2477
[ 2439246ms] [ERROR] Failed to load resource: the server responded with a status of 404 (Not Found) @ http://localhost:3000/testimonials?_rsc=znfyuTjL0n0OlFjg:0
[ 2439262ms] [LOG] [Fast Refresh] done in 250ms @ http://localhost:3000/_next/static/chunks/node_modules_next_dist_1ybzpk2._.js:2477
[ 2439726ms] [LOG] [Fast Refresh] rebuilding @ http://localhost:3000/_next/static/chunks/node_modules_next_dist_1ybzpk2._.js:2477
[ 2439771ms] [LOG] [Fast Refresh] done in 145ms @ http://localhost:3000/_next/static/chunks/node_modules_next_dist_1ybzpk2._.js:2477
[ 2439831ms] [ERROR] Failed to load resource: the server responded with a status of 404 (Not Found) @ http://localhost:3000/testimonials:0
[ 2440200ms] [INFO] %cDownload the React DevTools for a better development experience: https://react.dev/link/react-devtools font-weight:bold @ http://localhost:3000/_next/static/chunks/node_modules_next_dist_1ybzpk2._.js:2477
[ 2440279ms] [LOG] [HMR] connected @ http://localhost:3000/_next/static/chunks/node_modules_next_dist_1ybzpk2._.js:2477
[ 2444279ms] [LOG] [Fast Refresh] rebuilding @ http://localhost:3000/_next/static/chunks/node_modules_next_dist_1ybzpk2._.js:2477
[ 2444345ms] [ERROR] ./src/components/layout/footer.tsx:107:20
Expected '</', got 'jsx text'
  105 |                 </div>
  106 |               </div>
> 107 |             </Link>
      |                    ^^^^^^^^^^^^^^^^^^^^^^^^^^^^^^^^^^^^^^^^^^^^^^^^^^^^^^^^^^^^^^^^^^^^^^^^^
> 108 |           </div>
      | ^^^^^^^^^^
  109 |           <p className="text-white lg:pl-12 max-w-xl pt-2">
  110 |             ZambiTour is Southern Africa's trusted travel partner — flights, hotels, car ...
  111 |           </p>

Parsing ecmascript source code failed

Import trace:
  Server Component:
    ./src/components/layout/footer.tsx
    ./src/app/page.tsx @ http://localhost:3000/_next/static/chunks/node_modules_next_dist_1ybzpk2._.js:3318
[ 2444791ms] [ERROR] ./src/components/layout/footer.tsx:107:20
Expected '</', got 'jsx text'
  105 |                 </div>
  106 |               </div>
> 107 |             </Link>
      |                    ^^^^^^^^^^^^^^^^^^^^^^^^^^^^^^^^^^^^^^^^^^^^^^^^^^^^^^^^^^^^^^^^^^^^^^^^^
> 108 |           </div>
      | ^^^^^^^^^^
  109 |           <p className="text-white lg:pl-12 max-w-xl pt-2">
  110 |             ZambiTour is Southern Africa's trusted travel partner — flights, hotels, car ...
  111 |           </p>

Parsing ecmascript source code failed

Import trace:
  Server Component:
    ./src/components/layout/footer.tsx
    ./src/app/page.tsx @ http://localhost:3000/_next/static/chunks/node_modules_next_dist_1ybzpk2._.js:3318
[ 2444797ms] [LOG] [Fast Refresh] rebuilding @ http://localhost:3000/_next/static/chunks/node_modules_next_dist_1ybzpk2._.js:2477
[ 2444913ms] [LOG] [Fast Refresh] rebuilding @ http://localhost:3000/_next/static/chunks/node_modules_next_dist_1ybzpk2._.js:2477
[ 2445771ms] [ERROR] ./src/components/layout/footer.tsx:107:20
Expected '</', got 'jsx text'
  105 |                 </div>
  106 |               </div>
> 107 |             </Link>
      |                    ^^^^^^^^^^^^^^^^^^^^^^^^^^^^^^^^^^^^^^^^^^^^^^^^^^^^^^^^^^^^^^^^^^^^^^^^^
> 108 |           </div>
      | ^^^^^^^^^^
  109 |           <p className="text-white lg:pl-12 max-w-xl pt-2">
  110 |             ZambiTour is Southern Africa's trusted travel partner — flights, hotels, car ...
  111 |           </p>

Parsing ecmascript source code failed

Import trace:
  Server Component:
    ./src/components/layout/footer.tsx
    ./src/app/page.tsx @ http://localhost:3000/_next/static/chunks/node_modules_next_dist_1ybzpk2._.js:3318
[ 2445772ms] [ERROR] Failed to load resource: the server responded with a status of 500 (Internal Server Error) @ http://localhost:3000/testimonials?_rsc=znfyuTjL0n0OlFjg:0
[ 2445779ms] [ERROR] ./src/components/layout/footer.tsx:107:20
Expected '</', got 'jsx text'
  105 |                 </div>
  106 |               </div>
> 107 |             </Link>
      |                    ^^^^^^^^^^^^^^^^^^^^^^^^^^^^^^^^^^^^^^^^^^^^^^^^^^^^^^^^^^^^^^^^^^^^^^^^^
> 108 |           </div>
      | ^^^^^^^^^^
  109 |           <p className="text-white lg:pl-12 max-w-xl pt-2">
  110 |             ZambiTour is Southern Africa's trusted travel partner — flights, hotels, car ...
  111 |           </p>

Parsing ecmascript source code failed

Import trace:
  Server Component:
    ./src/components/layout/footer.tsx
    ./src/app/page.tsx @ http://localhost:3000/_next/static/chunks/node_modules_next_dist_1ybzpk2._.js:3318
[ 2445785ms] [ERROR] ./src/components/layout/footer.tsx:107:20
Expected '</', got 'jsx text'
  105 |                 </div>
  106 |               </div>
> 107 |             </Link>
      |                    ^^^^^^^^^^^^^^^^^^^^^^^^^^^^^^^^^^^^^^^^^^^^^^^^^^^^^^^^^^^^^^^^^^^^^^^^^
> 108 |           </div>
      | ^^^^^^^^^^
  109 |           <p className="text-white lg:pl-12 max-w-xl pt-2">
  110 |             ZambiTour is Southern Africa's trusted travel partner — flights, hotels, car ...
  111 |           </p>

Parsing ecmascript source code failed

Import trace:
  Server Component:
    ./src/components/layout/footer.tsx
    ./src/app/page.tsx @ http://localhost:3000/_next/static/chunks/node_modules_next_dist_1ybzpk2._.js:3318
[ 2445835ms] [ERROR] ./src/components/layout/footer.tsx:107:20
Expected '</', got 'jsx text'
  105 |                 </div>
  106 |               </div>
> 107 |             </Link>
      |                    ^^^^^^^^^^^^^^^^^^^^^^^^^^^^^^^^^^^^^^^^^^^^^^^^^^^^^^^^^^^^^^^^^^^^^^^^^
> 108 |           </div>
      | ^^^^^^^^^^
  109 |           <p className="text-white lg:pl-12 max-w-xl pt-2">
  110 |             ZambiTour is Southern Africa's trusted travel partner — flights, hotels, car ...
  111 |           </p>

Parsing ecmascript source code failed

Import trace:
  Server Component:
    ./src/components/layout/footer.tsx
    ./src/app/page.tsx @ http://localhost:3000/_next/static/chunks/node_modules_next_dist_1ybzpk2._.js:3318
[ 2446103ms] [ERROR] Failed to load resource: the server responded with a status of 500 (Internal Server Error) @ http://localhost:3000/testimonials:0
[ 2446485ms] [INFO] %cDownload the React DevTools for a better development experience: https://react.dev/link/react-devtools font-weight:bold @ http://localhost:3000/_next/static/chunks/node_modules_react-dom_0kla17-._.js:15305
[ 2446741ms] Error: ./src/components/layout/footer.tsx:107:20
Expected '</', got 'jsx text'
  105 |                 </div>
  106 |               </div>
> 107 |             </Link>
      |                    ^^^^^^^^^^^^^^^^^^^^^^^^^^^^^^^^^^^^^^^^^^^^^^^^^^^^^^^^^^^^^^^^^^^^^^^^^
> 108 |           </div>
      | ^^^^^^^^^^
  109 |           <p className="text-white lg:pl-12 max-w-xl pt-2">
  110 |             ZambiTour is Southern Africa's trusted travel partner — flights, hotels, car ...
  111 |           </p>

Parsing ecmascript source code failed

Import trace:
  Server Component:
    ./src/components/layout/footer.tsx
    ./src/app/page.tsx


    at <unknown> (Error: ./src/components/layout/footer.tsx:107:20)
    at Object.getCompilationErrors (file://D:\Work\Professional\Desenvolvimento\Páginas Web\travelagency\node_modules\next\dist\server\dev\hot-reloader-turbopack.js:1186:59)
    at DevBundlerService.getCompilationError (file://D:\Work\Professional\Desenvolvimento\Páginas Web\travelagency\node_modules\next\dist\server\lib\dev-bundler-service.js:44:55)
    at DevServer.getCompilationError (file://D:\Work\Professional\Desenvolvimento\Páginas Web\travelagency\node_modules\next\dist\server\dev\next-dev-server.js:720:42)
    at DevServer.findPageComponents (file://D:\Work\Professional\Desenvolvimento\Páginas Web\travelagency\node_modules\next\dist\server\dev\next-dev-server.js:690:43)
    at async DevServer.renderErrorToResponseImpl (file://D:\Work\Professional\Desenvolvimento\Páginas Web\travelagency\node_modules\next\dist\server\base-server.js:1694:30)
[ 2446734ms] [LOG] [HMR] connected @ http://localhost:3000/_next/static/chunks/node_modules_next_dist_1gdrd03._.js:1226
[ 2446756ms] [ERROR] ./src/components/layout/footer.tsx:107:20
Expected '</', got 'jsx text'
  105 |                 </div>
  106 |               </div>
> 107 |             </Link>
      |                    ^^^^^^^^^^^^^^^^^^^^^^^^^^^^^^^^^^^^^^^^^^^^^^^^^^^^^^^^^^^^^^^^^^^^^^^^^
> 108 |           </div>
      | ^^^^^^^^^^
  109 |           <p className="text-white lg:pl-12 max-w-xl pt-2">
  110 |             ZambiTour is Southern Africa's trusted travel partner — flights, hotels, car ...
  111 |           </p>

Parsing ecmascript source code failed

Import trace:
  Server Component:
    ./src/components/layout/footer.tsx
    ./src/app/page.tsx @ http://localhost:3000/_next/static/chunks/node_modules_next_dist_1gdrd03._.js:1945
[ 2446802ms] [ERROR] ./src/components/layout/footer.tsx:107:20
Expected '</', got 'jsx text'
  105 |                 </div>
  106 |               </div>
> 107 |             </Link>
      |                    ^^^^^^^^^^^^^^^^^^^^^^^^^^^^^^^^^^^^^^^^^^^^^^^^^^^^^^^^^^^^^^^^^^^^^^^^^
> 108 |           </div>
      | ^^^^^^^^^^
  109 |           <p className="text-white lg:pl-12 max-w-xl pt-2">
  110 |             ZambiTour is Southern Africa's trusted travel partner — flights, hotels, car ...
  111 |           </p>

Parsing ecmascript source code failed

Import trace:
  Server Component:
    ./src/components/layout/footer.tsx
    ./src/app/page.tsx @ http://localhost:3000/_next/static/chunks/node_modules_next_dist_1gdrd03._.js:1945
[ 2446842ms] [ERROR] ./src/components/layout/footer.tsx:107:20
Expected '</', got 'jsx text'
  105 |                 </div>
  106 |               </div>
> 107 |             </Link>
      |                    ^^^^^^^^^^^^^^^^^^^^^^^^^^^^^^^^^^^^^^^^^^^^^^^^^^^^^^^^^^^^^^^^^^^^^^^^^
> 108 |           </div>
      | ^^^^^^^^^^
  109 |           <p className="text-white lg:pl-12 max-w-xl pt-2">
  110 |             ZambiTour is Southern Africa's trusted travel partner — flights, hotels, car ...
  111 |           </p>

Parsing ecmascript source code failed

Import trace:
  Server Component:
    ./src/components/layout/footer.tsx
    ./src/app/page.tsx @ http://localhost:3000/_next/static/chunks/node_modules_next_dist_1gdrd03._.js:1945
[ 2446884ms] [ERROR] ./src/components/layout/footer.tsx:107:20
Expected '</', got 'jsx text'
  105 |                 </div>
  106 |               </div>
> 107 |             </Link>
      |                    ^^^^^^^^^^^^^^^^^^^^^^^^^^^^^^^^^^^^^^^^^^^^^^^^^^^^^^^^^^^^^^^^^^^^^^^^^
> 108 |           </div>
      | ^^^^^^^^^^
  109 |           <p className="text-white lg:pl-12 max-w-xl pt-2">
  110 |             ZambiTour is Southern Africa's trusted travel partner — flights, hotels, car ...
  111 |           </p>

Parsing ecmascript source code failed

Import trace:
  Server Component:
    ./src/components/layout/footer.tsx
    ./src/app/page.tsx @ http://localhost:3000/_next/static/chunks/node_modules_next_dist_1gdrd03._.js:1945
[ 2446924ms] [ERROR] ./src/components/layout/footer.tsx:107:20
Expected '</', got 'jsx text'
  105 |                 </div>
  106 |               </div>
> 107 |             </Link>
      |                    ^^^^^^^^^^^^^^^^^^^^^^^^^^^^^^^^^^^^^^^^^^^^^^^^^^^^^^^^^^^^^^^^^^^^^^^^^
> 108 |           </div>
      | ^^^^^^^^^^
  109 |           <p className="text-white lg:pl-12 max-w-xl pt-2">
  110 |             ZambiTour is Southern Africa's trusted travel partner — flights, hotels, car ...
  111 |           </p>

Parsing ecmascript source code failed

Import trace:
  Server Component:
    ./src/components/layout/footer.tsx
    ./src/app/page.tsx @ http://localhost:3000/_next/static/chunks/node_modules_next_dist_1gdrd03._.js:1945
[ 2446963ms] [ERROR] ./src/components/layout/footer.tsx:107:20
Expected '</', got 'jsx text'
  105 |                 </div>
  106 |               </div>
> 107 |             </Link>
      |                    ^^^^^^^^^^^^^^^^^^^^^^^^^^^^^^^^^^^^^^^^^^^^^^^^^^^^^^^^^^^^^^^^^^^^^^^^^
> 108 |           </div>
      | ^^^^^^^^^^
  109 |           <p className="text-white lg:pl-12 max-w-xl pt-2">
  110 |             ZambiTour is Southern Africa's trusted travel partner — flights, hotels, car ...
  111 |           </p>

Parsing ecmascript source code failed

Import trace:
  Server Component:
    ./src/components/layout/footer.tsx
    ./src/app/page.tsx @ http://localhost:3000/_next/static/chunks/node_modules_next_dist_1gdrd03._.js:1945
[ 2447003ms] [ERROR] ./src/components/layout/footer.tsx:107:20
Expected '</', got 'jsx text'
  105 |                 </div>
  106 |               </div>
> 107 |             </Link>
      |                    ^^^^^^^^^^^^^^^^^^^^^^^^^^^^^^^^^^^^^^^^^^^^^^^^^^^^^^^^^^^^^^^^^^^^^^^^^
> 108 |           </div>
      | ^^^^^^^^^^
  109 |           <p className="text-white lg:pl-12 max-w-xl pt-2">
  110 |             ZambiTour is Southern Africa's trusted travel partner — flights, hotels, car ...
  111 |           </p>

Parsing ecmascript source code failed

Import trace:
  Server Component:
    ./src/components/layout/footer.tsx
    ./src/app/page.tsx @ http://localhost:3000/_next/static/chunks/node_modules_next_dist_1gdrd03._.js:1945
[ 2447042ms] [ERROR] ./src/components/layout/footer.tsx:107:20
Expected '</', got 'jsx text'
  105 |                 </div>
  106 |               </div>
> 107 |             </Link>
      |                    ^^^^^^^^^^^^^^^^^^^^^^^^^^^^^^^^^^^^^^^^^^^^^^^^^^^^^^^^^^^^^^^^^^^^^^^^^
> 108 |           </div>
      | ^^^^^^^^^^
  109 |           <p className="text-white lg:pl-12 max-w-xl pt-2">
  110 |             ZambiTour is Southern Africa's trusted travel partner — flights, hotels, car ...
  111 |           </p>

Parsing ecmascript source code failed

Import trace:
  Server Component:
    ./src/components/layout/footer.tsx
    ./src/app/page.tsx @ http://localhost:3000/_next/static/chunks/node_modules_next_dist_1gdrd03._.js:1945
[ 2447081ms] [ERROR] ./src/components/layout/footer.tsx:107:20
Expected '</', got 'jsx text'
  105 |                 </div>
  106 |               </div>
> 107 |             </Link>
      |                    ^^^^^^^^^^^^^^^^^^^^^^^^^^^^^^^^^^^^^^^^^^^^^^^^^^^^^^^^^^^^^^^^^^^^^^^^^
> 108 |           </div>
      | ^^^^^^^^^^
  109 |           <p className="text-white lg:pl-12 max-w-xl pt-2">
  110 |             ZambiTour is Southern Africa's trusted travel partner — flights, hotels, car ...
  111 |           </p>

Parsing ecmascript source code failed

Import trace:
  Server Component:
    ./src/components/layout/footer.tsx
    ./src/app/page.tsx @ http://localhost:3000/_next/static/chunks/node_modules_next_dist_1gdrd03._.js:1945
[ 2447122ms] [ERROR] ./src/components/layout/footer.tsx:107:20
Expected '</', got 'jsx text'
  105 |                 </div>
  106 |               </div>
> 107 |             </Link>
      |                    ^^^^^^^^^^^^^^^^^^^^^^^^^^^^^^^^^^^^^^^^^^^^^^^^^^^^^^^^^^^^^^^^^^^^^^^^^
> 108 |           </div>
      | ^^^^^^^^^^
  109 |           <p className="text-white lg:pl-12 max-w-xl pt-2">
  110 |             ZambiTour is Southern Africa's trusted travel partner — flights, hotels, car ...
  111 |           </p>

Parsing ecmascript source code failed

Import trace:
  Server Component:
    ./src/components/layout/footer.tsx
    ./src/app/page.tsx @ http://localhost:3000/_next/static/chunks/node_modules_next_dist_1gdrd03._.js:1945
[ 2447161ms] [ERROR] ./src/components/layout/footer.tsx:107:20
Expected '</', got 'jsx text'
  105 |                 </div>
  106 |               </div>
> 107 |             </Link>
      |                    ^^^^^^^^^^^^^^^^^^^^^^^^^^^^^^^^^^^^^^^^^^^^^^^^^^^^^^^^^^^^^^^^^^^^^^^^^
> 108 |           </div>
      | ^^^^^^^^^^
  109 |           <p className="text-white lg:pl-12 max-w-xl pt-2">
  110 |             ZambiTour is Southern Africa's trusted travel partner — flights, hotels, car ...
  111 |           </p>

Parsing ecmascript source code failed

Import trace:
  Server Component:
    ./src/components/layout/footer.tsx
    ./src/app/page.tsx @ http://localhost:3000/_next/static/chunks/node_modules_next_dist_1gdrd03._.js:1945
[ 2447200ms] [ERROR] ./src/components/layout/footer.tsx:107:20
Expected '</', got 'jsx text'
  105 |                 </div>
  106 |               </div>
> 107 |             </Link>
      |                    ^^^^^^^^^^^^^^^^^^^^^^^^^^^^^^^^^^^^^^^^^^^^^^^^^^^^^^^^^^^^^^^^^^^^^^^^^
> 108 |           </div>
      | ^^^^^^^^^^
  109 |           <p className="text-white lg:pl-12 max-w-xl pt-2">
  110 |             ZambiTour is Southern Africa's trusted travel partner — flights, hotels, car ...
  111 |           </p>

Parsing ecmascript source code failed

Import trace:
  Server Component:
    ./src/components/layout/footer.tsx
    ./src/app/page.tsx @ http://localhost:3000/_next/static/chunks/node_modules_next_dist_1gdrd03._.js:1945
[ 2447239ms] [ERROR] ./src/components/layout/footer.tsx:107:20
Expected '</', got 'jsx text'
  105 |                 </div>
  106 |               </div>
> 107 |             </Link>
      |                    ^^^^^^^^^^^^^^^^^^^^^^^^^^^^^^^^^^^^^^^^^^^^^^^^^^^^^^^^^^^^^^^^^^^^^^^^^
> 108 |           </div>
      | ^^^^^^^^^^
  109 |           <p className="text-white lg:pl-12 max-w-xl pt-2">
  110 |             ZambiTour is Southern Africa's trusted travel partner — flights, hotels, car ...
  111 |           </p>

Parsing ecmascript source code failed

Import trace:
  Server Component:
    ./src/components/layout/footer.tsx
    ./src/app/page.tsx @ http://localhost:3000/_next/static/chunks/node_modules_next_dist_1gdrd03._.js:1945
[ 2447276ms] [ERROR] ./src/components/layout/footer.tsx:107:20
Expected '</', got 'jsx text'
  105 |                 </div>
  106 |               </div>
> 107 |             </Link>
      |                    ^^^^^^^^^^^^^^^^^^^^^^^^^^^^^^^^^^^^^^^^^^^^^^^^^^^^^^^^^^^^^^^^^^^^^^^^^
> 108 |           </div>
      | ^^^^^^^^^^
  109 |           <p className="text-white lg:pl-12 max-w-xl pt-2">
  110 |             ZambiTour is Southern Africa's trusted travel partner — flights, hotels, car ...
  111 |           </p>

Parsing ecmascript source code failed

Import trace:
  Server Component:
    ./src/components/layout/footer.tsx
    ./src/app/page.tsx @ http://localhost:3000/_next/static/chunks/node_modules_next_dist_1gdrd03._.js:1945
[ 2447316ms] [ERROR] ./src/components/layout/footer.tsx:107:20
Expected '</', got 'jsx text'
  105 |                 </div>
  106 |               </div>
> 107 |             </Link>
      |                    ^^^^^^^^^^^^^^^^^^^^^^^^^^^^^^^^^^^^^^^^^^^^^^^^^^^^^^^^^^^^^^^^^^^^^^^^^
> 108 |           </div>
      | ^^^^^^^^^^
  109 |           <p className="text-white lg:pl-12 max-w-xl pt-2">
  110 |             ZambiTour is Southern Africa's trusted travel partner — flights, hotels, car ...
  111 |           </p>

Parsing ecmascript source code failed

Import trace:
  Server Component:
    ./src/components/layout/footer.tsx
    ./src/app/page.tsx @ http://localhost:3000/_next/static/chunks/node_modules_next_dist_1gdrd03._.js:1945
[ 2447354ms] [ERROR] ./src/components/layout/footer.tsx:107:20
Expected '</', got 'jsx text'
  105 |                 </div>
  106 |               </div>
> 107 |             </Link>
      |                    ^^^^^^^^^^^^^^^^^^^^^^^^^^^^^^^^^^^^^^^^^^^^^^^^^^^^^^^^^^^^^^^^^^^^^^^^^
> 108 |           </div>
      | ^^^^^^^^^^
  109 |           <p className="text-white lg:pl-12 max-w-xl pt-2">
  110 |             ZambiTour is Southern Africa's trusted travel partner — flights, hotels, car ...
  111 |           </p>

Parsing ecmascript source code failed

Import trace:
  Server Component:
    ./src/components/layout/footer.tsx
    ./src/app/page.tsx @ http://localhost:3000/_next/static/chunks/node_modules_next_dist_1gdrd03._.js:1945
[ 2447392ms] [ERROR] ./src/components/layout/footer.tsx:107:20
Expected '</', got 'jsx text'
  105 |                 </div>
  106 |               </div>
> 107 |             </Link>
      |                    ^^^^^^^^^^^^^^^^^^^^^^^^^^^^^^^^^^^^^^^^^^^^^^^^^^^^^^^^^^^^^^^^^^^^^^^^^
> 108 |           </div>
      | ^^^^^^^^^^
  109 |           <p className="text-white lg:pl-12 max-w-xl pt-2">
  110 |             ZambiTour is Southern Africa's trusted travel partner — flights, hotels, car ...
  111 |           </p>

Parsing ecmascript source code failed

Import trace:
  Server Component:
    ./src/components/layout/footer.tsx
    ./src/app/page.tsx @ http://localhost:3000/_next/static/chunks/node_modules_next_dist_1gdrd03._.js:1945
[ 2447429ms] [ERROR] ./src/components/layout/footer.tsx:107:20
Expected '</', got 'jsx text'
  105 |                 </div>
  106 |               </div>
> 107 |             </Link>
      |                    ^^^^^^^^^^^^^^^^^^^^^^^^^^^^^^^^^^^^^^^^^^^^^^^^^^^^^^^^^^^^^^^^^^^^^^^^^
> 108 |           </div>
      | ^^^^^^^^^^
  109 |           <p className="text-white lg:pl-12 max-w-xl pt-2">
  110 |             ZambiTour is Southern Africa's trusted travel partner — flights, hotels, car ...
  111 |           </p>

Parsing ecmascript source code failed

Import trace:
  Server Component:
    ./src/components/layout/footer.tsx
    ./src/app/page.tsx @ http://localhost:3000/_next/static/chunks/node_modules_next_dist_1gdrd03._.js:1945
[ 2447505ms] [ERROR] ./src/components/layout/footer.tsx:107:20
Expected '</', got 'jsx text'
  105 |                 </div>
  106 |               </div>
> 107 |             </Link>
      |                    ^^^^^^^^^^^^^^^^^^^^^^^^^^^^^^^^^^^^^^^^^^^^^^^^^^^^^^^^^^^^^^^^^^^^^^^^^
> 108 |           </div>
      | ^^^^^^^^^^
  109 |           <p className="text-white lg:pl-12 max-w-xl pt-2">
  110 |             ZambiTour is Southern Africa's trusted travel partner — flights, hotels, car ...
  111 |           </p>

Parsing ecmascript source code failed

Import trace:
  Server Component:
    ./src/components/layout/footer.tsx
    ./src/app/page.tsx @ http://localhost:3000/_next/static/chunks/node_modules_next_dist_1gdrd03._.js:1945
[ 2447557ms] [ERROR] ./src/components/layout/footer.tsx:107:20
Expected '</', got 'jsx text'
  105 |                 </div>
  106 |               </div>
> 107 |             </Link>
      |                    ^^^^^^^^^^^^^^^^^^^^^^^^^^^^^^^^^^^^^^^^^^^^^^^^^^^^^^^^^^^^^^^^^^^^^^^^^
> 108 |           </div>
      | ^^^^^^^^^^
  109 |           <p className="text-white lg:pl-12 max-w-xl pt-2">
  110 |             ZambiTour is Southern Africa's trusted travel partner — flights, hotels, car ...
  111 |           </p>

Parsing ecmascript source code failed

Import trace:
  Server Component:
    ./src/components/layout/footer.tsx
    ./src/app/page.tsx @ http://localhost:3000/_next/static/chunks/node_modules_next_dist_1gdrd03._.js:1945
[ 2447595ms] [ERROR] ./src/components/layout/footer.tsx:107:20
Expected '</', got 'jsx text'
  105 |                 </div>
  106 |               </div>
> 107 |             </Link>
      |                    ^^^^^^^^^^^^^^^^^^^^^^^^^^^^^^^^^^^^^^^^^^^^^^^^^^^^^^^^^^^^^^^^^^^^^^^^^
> 108 |           </div>
      | ^^^^^^^^^^
  109 |           <p className="text-white lg:pl-12 max-w-xl pt-2">
  110 |             ZambiTour is Southern Africa's trusted travel partner — flights, hotels, car ...
  111 |           </p>

Parsing ecmascript source code failed

Import trace:
  Server Component:
    ./src/components/layout/footer.tsx
    ./src/app/page.tsx @ http://localhost:3000/_next/static/chunks/node_modules_next_dist_1gdrd03._.js:1945
[ 2447637ms] [ERROR] ./src/components/layout/footer.tsx:107:20
Expected '</', got 'jsx text'
  105 |                 </div>
  106 |               </div>
> 107 |             </Link>
      |                    ^^^^^^^^^^^^^^^^^^^^^^^^^^^^^^^^^^^^^^^^^^^^^^^^^^^^^^^^^^^^^^^^^^^^^^^^^
> 108 |           </div>
      | ^^^^^^^^^^
  109 |           <p className="text-white lg:pl-12 max-w-xl pt-2">
  110 |             ZambiTour is Southern Africa's trusted travel partner — flights, hotels, car ...
  111 |           </p>

Parsing ecmascript source code failed

Import trace:
  Server Component:
    ./src/components/layout/footer.tsx
    ./src/app/page.tsx @ http://localhost:3000/_next/static/chunks/node_modules_next_dist_1gdrd03._.js:1945
[ 2447677ms] [ERROR] ./src/components/layout/footer.tsx:107:20
Expected '</', got 'jsx text'
  105 |                 </div>
  106 |               </div>
> 107 |             </Link>
      |                    ^^^^^^^^^^^^^^^^^^^^^^^^^^^^^^^^^^^^^^^^^^^^^^^^^^^^^^^^^^^^^^^^^^^^^^^^^
> 108 |           </div>
      | ^^^^^^^^^^
  109 |           <p className="text-white lg:pl-12 max-w-xl pt-2">
  110 |             ZambiTour is Southern Africa's trusted travel partner — flights, hotels, car ...
  111 |           </p>

Parsing ecmascript source code failed

Import trace:
  Server Component:
    ./src/components/layout/footer.tsx
    ./src/app/page.tsx @ http://localhost:3000/_next/static/chunks/node_modules_next_dist_1gdrd03._.js:1945
[ 2447718ms] [ERROR] ./src/components/layout/footer.tsx:107:20
Expected '</', got 'jsx text'
  105 |                 </div>
  106 |               </div>
> 107 |             </Link>
      |                    ^^^^^^^^^^^^^^^^^^^^^^^^^^^^^^^^^^^^^^^^^^^^^^^^^^^^^^^^^^^^^^^^^^^^^^^^^
> 108 |           </div>
      | ^^^^^^^^^^
  109 |           <p className="text-white lg:pl-12 max-w-xl pt-2">
  110 |             ZambiTour is Southern Africa's trusted travel partner — flights, hotels, car ...
  111 |           </p>

Parsing ecmascript source code failed

Import trace:
  Server Component:
    ./src/components/layout/footer.tsx
    ./src/app/page.tsx @ http://localhost:3000/_next/static/chunks/node_modules_next_dist_1gdrd03._.js:1945
[ 2447758ms] [ERROR] ./src/components/layout/footer.tsx:107:20
Expected '</', got 'jsx text'
  105 |                 </div>
  106 |               </div>
> 107 |             </Link>
      |                    ^^^^^^^^^^^^^^^^^^^^^^^^^^^^^^^^^^^^^^^^^^^^^^^^^^^^^^^^^^^^^^^^^^^^^^^^^
> 108 |           </div>
      | ^^^^^^^^^^
  109 |           <p className="text-white lg:pl-12 max-w-xl pt-2">
  110 |             ZambiTour is Southern Africa's trusted travel partner — flights, hotels, car ...
  111 |           </p>

Parsing ecmascript source code failed

Import trace:
  Server Component:
    ./src/components/layout/footer.tsx
    ./src/app/page.tsx @ http://localhost:3000/_next/static/chunks/node_modules_next_dist_1gdrd03._.js:1945
[ 2447799ms] [ERROR] ./src/components/layout/footer.tsx:107:20
Expected '</', got 'jsx text'
  105 |                 </div>
  106 |               </div>
> 107 |             </Link>
      |                    ^^^^^^^^^^^^^^^^^^^^^^^^^^^^^^^^^^^^^^^^^^^^^^^^^^^^^^^^^^^^^^^^^^^^^^^^^
> 108 |           </div>
      | ^^^^^^^^^^
  109 |           <p className="text-white lg:pl-12 max-w-xl pt-2">
  110 |             ZambiTour is Southern Africa's trusted travel partner — flights, hotels, car ...
  111 |           </p>

Parsing ecmascript source code failed

Import trace:
  Server Component:
    ./src/components/layout/footer.tsx
    ./src/app/page.tsx @ http://localhost:3000/_next/static/chunks/node_modules_next_dist_1gdrd03._.js:1945
[ 2447838ms] [ERROR] ./src/components/layout/footer.tsx:107:20
Expected '</', got 'jsx text'
  105 |                 </div>
  106 |               </div>
> 107 |             </Link>
      |                    ^^^^^^^^^^^^^^^^^^^^^^^^^^^^^^^^^^^^^^^^^^^^^^^^^^^^^^^^^^^^^^^^^^^^^^^^^
> 108 |           </div>
      | ^^^^^^^^^^
  109 |           <p className="text-white lg:pl-12 max-w-xl pt-2">
  110 |             ZambiTour is Southern Africa's trusted travel partner — flights, hotels, car ...
  111 |           </p>

Parsing ecmascript source code failed

Import trace:
  Server Component:
    ./src/components/layout/footer.tsx
    ./src/app/page.tsx @ http://localhost:3000/_next/static/chunks/node_modules_next_dist_1gdrd03._.js:1945
[ 2447878ms] [ERROR] ./src/components/layout/footer.tsx:107:20
Expected '</', got 'jsx text'
  105 |                 </div>
  106 |               </div>
> 107 |             </Link>
      |                    ^^^^^^^^^^^^^^^^^^^^^^^^^^^^^^^^^^^^^^^^^^^^^^^^^^^^^^^^^^^^^^^^^^^^^^^^^
> 108 |           </div>
      | ^^^^^^^^^^
  109 |           <p className="text-white lg:pl-12 max-w-xl pt-2">
  110 |             ZambiTour is Southern Africa's trusted travel partner — flights, hotels, car ...
  111 |           </p>

Parsing ecmascript source code failed

Import trace:
  Server Component:
    ./src/components/layout/footer.tsx
    ./src/app/page.tsx @ http://localhost:3000/_next/static/chunks/node_modules_next_dist_1gdrd03._.js:1945
[ 2447917ms] [ERROR] ./src/components/layout/footer.tsx:107:20
Expected '</', got 'jsx text'
  105 |                 </div>
  106 |               </div>
> 107 |             </Link>
      |                    ^^^^^^^^^^^^^^^^^^^^^^^^^^^^^^^^^^^^^^^^^^^^^^^^^^^^^^^^^^^^^^^^^^^^^^^^^
> 108 |           </div>
      | ^^^^^^^^^^
  109 |           <p className="text-white lg:pl-12 max-w-xl pt-2">
  110 |             ZambiTour is Southern Africa's trusted travel partner — flights, hotels, car ...
  111 |           </p>

Parsing ecmascript source code failed

Import trace:
  Server Component:
    ./src/components/layout/footer.tsx
    ./src/app/page.tsx @ http://localhost:3000/_next/static/chunks/node_modules_next_dist_1gdrd03._.js:1945
[ 2447956ms] [ERROR] ./src/components/layout/footer.tsx:107:20
Expected '</', got 'jsx text'
  105 |                 </div>
  106 |               </div>
> 107 |             </Link>
      |                    ^^^^^^^^^^^^^^^^^^^^^^^^^^^^^^^^^^^^^^^^^^^^^^^^^^^^^^^^^^^^^^^^^^^^^^^^^
> 108 |           </div>
      | ^^^^^^^^^^
  109 |           <p className="text-white lg:pl-12 max-w-xl pt-2">
  110 |             ZambiTour is Southern Africa's trusted travel partner — flights, hotels, car ...
  111 |           </p>

Parsing ecmascript source code failed

Import trace:
  Server Component:
    ./src/components/layout/footer.tsx
    ./src/app/page.tsx @ http://localhost:3000/_next/static/chunks/node_modules_next_dist_1gdrd03._.js:1945
[ 2447993ms] [ERROR] ./src/components/layout/footer.tsx:107:20
Expected '</', got 'jsx text'
  105 |                 </div>
  106 |               </div>
> 107 |             </Link>
      |                    ^^^^^^^^^^^^^^^^^^^^^^^^^^^^^^^^^^^^^^^^^^^^^^^^^^^^^^^^^^^^^^^^^^^^^^^^^
> 108 |           </div>
      | ^^^^^^^^^^
  109 |           <p className="text-white lg:pl-12 max-w-xl pt-2">
  110 |             ZambiTour is Southern Africa's trusted travel partner — flights, hotels, car ...
  111 |           </p>

Parsing ecmascript source code failed

Import trace:
  Server Component:
    ./src/components/layout/footer.tsx
    ./src/app/page.tsx @ http://localhost:3000/_next/static/chunks/node_modules_next_dist_1gdrd03._.js:1945
[ 2448033ms] [ERROR] ./src/components/layout/footer.tsx:107:20
Expected '</', got 'jsx text'
  105 |                 </div>
  106 |               </div>
> 107 |             </Link>
      |                    ^^^^^^^^^^^^^^^^^^^^^^^^^^^^^^^^^^^^^^^^^^^^^^^^^^^^^^^^^^^^^^^^^^^^^^^^^
> 108 |           </div>
      | ^^^^^^^^^^
  109 |           <p className="text-white lg:pl-12 max-w-xl pt-2">
  110 |             ZambiTour is Southern Africa's trusted travel partner — flights, hotels, car ...
  111 |           </p>

Parsing ecmascript source code failed

Import trace:
  Server Component:
    ./src/components/layout/footer.tsx
    ./src/app/page.tsx @ http://localhost:3000/_next/static/chunks/node_modules_next_dist_1gdrd03._.js:1945
[ 2448073ms] [ERROR] ./src/components/layout/footer.tsx:107:20
Expected '</', got 'jsx text'
  105 |                 </div>
  106 |               </div>
> 107 |             </Link>
      |                    ^^^^^^^^^^^^^^^^^^^^^^^^^^^^^^^^^^^^^^^^^^^^^^^^^^^^^^^^^^^^^^^^^^^^^^^^^
> 108 |           </div>
      | ^^^^^^^^^^
  109 |           <p className="text-white lg:pl-12 max-w-xl pt-2">
  110 |             ZambiTour is Southern Africa's trusted travel partner — flights, hotels, car ...
  111 |           </p>

Parsing ecmascript source code failed

Import trace:
  Server Component:
    ./src/components/layout/footer.tsx
    ./src/app/page.tsx @ http://localhost:3000/_next/static/chunks/node_modules_next_dist_1gdrd03._.js:1945
[ 2448111ms] [ERROR] ./src/components/layout/footer.tsx:107:20
Expected '</', got 'jsx text'
  105 |                 </div>
  106 |               </div>
> 107 |             </Link>
      |                    ^^^^^^^^^^^^^^^^^^^^^^^^^^^^^^^^^^^^^^^^^^^^^^^^^^^^^^^^^^^^^^^^^^^^^^^^^
> 108 |           </div>
      | ^^^^^^^^^^
  109 |           <p className="text-white lg:pl-12 max-w-xl pt-2">
  110 |             ZambiTour is Southern Africa's trusted travel partner — flights, hotels, car ...
  111 |           </p>

Parsing ecmascript source code failed

Import trace:
  Server Component:
    ./src/components/layout/footer.tsx
    ./src/app/page.tsx @ http://localhost:3000/_next/static/chunks/node_modules_next_dist_1gdrd03._.js:1945
[ 2448152ms] [ERROR] ./src/components/layout/footer.tsx:107:20
Expected '</', got 'jsx text'
  105 |                 </div>
  106 |               </div>
> 107 |             </Link>
      |                    ^^^^^^^^^^^^^^^^^^^^^^^^^^^^^^^^^^^^^^^^^^^^^^^^^^^^^^^^^^^^^^^^^^^^^^^^^
> 108 |           </div>
      | ^^^^^^^^^^
  109 |           <p className="text-white lg:pl-12 max-w-xl pt-2">
  110 |             ZambiTour is Southern Africa's trusted travel partner — flights, hotels, car ...
  111 |           </p>

Parsing ecmascript source code failed

Import trace:
  Server Component:
    ./src/components/layout/footer.tsx
    ./src/app/page.tsx @ http://localhost:3000/_next/static/chunks/node_modules_next_dist_1gdrd03._.js:1945
[ 2448191ms] [ERROR] ./src/components/layout/footer.tsx:107:20
Expected '</', got 'jsx text'
  105 |                 </div>
  106 |               </div>
> 107 |             </Link>
      |                    ^^^^^^^^^^^^^^^^^^^^^^^^^^^^^^^^^^^^^^^^^^^^^^^^^^^^^^^^^^^^^^^^^^^^^^^^^
> 108 |           </div>
      | ^^^^^^^^^^
  109 |           <p className="text-white lg:pl-12 max-w-xl pt-2">
  110 |             ZambiTour is Southern Africa's trusted travel partner — flights, hotels, car ...
  111 |           </p>

Parsing ecmascript source code failed

Import trace:
  Server Component:
    ./src/components/layout/footer.tsx
    ./src/app/page.tsx @ http://localhost:3000/_next/static/chunks/node_modules_next_dist_1gdrd03._.js:1945
[ 2448230ms] [ERROR] ./src/components/layout/footer.tsx:107:20
Expected '</', got 'jsx text'
  105 |                 </div>
  106 |               </div>
> 107 |             </Link>
      |                    ^^^^^^^^^^^^^^^^^^^^^^^^^^^^^^^^^^^^^^^^^^^^^^^^^^^^^^^^^^^^^^^^^^^^^^^^^
> 108 |           </div>
      | ^^^^^^^^^^
  109 |           <p className="text-white lg:pl-12 max-w-xl pt-2">
  110 |             ZambiTour is Southern Africa's trusted travel partner — flights, hotels, car ...
  111 |           </p>

Parsing ecmascript source code failed

Import trace:
  Server Component:
    ./src/components/layout/footer.tsx
    ./src/app/page.tsx @ http://localhost:3000/_next/static/chunks/node_modules_next_dist_1gdrd03._.js:1945
[ 2448272ms] [ERROR] ./src/components/layout/footer.tsx:107:20
Expected '</', got 'jsx text'
  105 |                 </div>
  106 |               </div>
> 107 |             </Link>
      |                    ^^^^^^^^^^^^^^^^^^^^^^^^^^^^^^^^^^^^^^^^^^^^^^^^^^^^^^^^^^^^^^^^^^^^^^^^^
> 108 |           </div>
      | ^^^^^^^^^^
  109 |           <p className="text-white lg:pl-12 max-w-xl pt-2">
  110 |             ZambiTour is Southern Africa's trusted travel partner — flights, hotels, car ...
  111 |           </p>

Parsing ecmascript source code failed

Import trace:
  Server Component:
    ./src/components/layout/footer.tsx
    ./src/app/page.tsx @ http://localhost:3000/_next/static/chunks/node_modules_next_dist_1gdrd03._.js:1945
[ 2448311ms] [ERROR] ./src/components/layout/footer.tsx:107:20
Expected '</', got 'jsx text'
  105 |                 </div>
  106 |               </div>
> 107 |             </Link>
      |                    ^^^^^^^^^^^^^^^^^^^^^^^^^^^^^^^^^^^^^^^^^^^^^^^^^^^^^^^^^^^^^^^^^^^^^^^^^
> 108 |           </div>
      | ^^^^^^^^^^
  109 |           <p className="text-white lg:pl-12 max-w-xl pt-2">
  110 |             ZambiTour is Southern Africa's trusted travel partner — flights, hotels, car ...
  111 |           </p>

Parsing ecmascript source code failed

Import trace:
  Server Component:
    ./src/components/layout/footer.tsx
    ./src/app/page.tsx @ http://localhost:3000/_next/static/chunks/node_modules_next_dist_1gdrd03._.js:1945
[ 2448351ms] [ERROR] ./src/components/layout/footer.tsx:107:20
Expected '</', got 'jsx text'
  105 |                 </div>
  106 |               </div>
> 107 |             </Link>
      |                    ^^^^^^^^^^^^^^^^^^^^^^^^^^^^^^^^^^^^^^^^^^^^^^^^^^^^^^^^^^^^^^^^^^^^^^^^^
> 108 |           </div>
      | ^^^^^^^^^^
  109 |           <p className="text-white lg:pl-12 max-w-xl pt-2">
  110 |             ZambiTour is Southern Africa's trusted travel partner — flights, hotels, car ...
  111 |           </p>

Parsing ecmascript source code failed

Import trace:
  Server Component:
    ./src/components/layout/footer.tsx
    ./src/app/page.tsx @ http://localhost:3000/_next/static/chunks/node_modules_next_dist_1gdrd03._.js:1945
[ 2448389ms] [ERROR] ./src/components/layout/footer.tsx:107:20
Expected '</', got 'jsx text'
  105 |                 </div>
  106 |               </div>
> 107 |             </Link>
      |                    ^^^^^^^^^^^^^^^^^^^^^^^^^^^^^^^^^^^^^^^^^^^^^^^^^^^^^^^^^^^^^^^^^^^^^^^^^
> 108 |           </div>
      | ^^^^^^^^^^
  109 |           <p className="text-white lg:pl-12 max-w-xl pt-2">
  110 |             ZambiTour is Southern Africa's trusted travel partner — flights, hotels, car ...
  111 |           </p>

Parsing ecmascript source code failed

Import trace:
  Server Component:
    ./src/components/layout/footer.tsx
    ./src/app/page.tsx @ http://localhost:3000/_next/static/chunks/node_modules_next_dist_1gdrd03._.js:1945
[ 2448428ms] [ERROR] ./src/components/layout/footer.tsx:107:20
Expected '</', got 'jsx text'
  105 |                 </div>
  106 |               </div>
> 107 |             </Link>
      |                    ^^^^^^^^^^^^^^^^^^^^^^^^^^^^^^^^^^^^^^^^^^^^^^^^^^^^^^^^^^^^^^^^^^^^^^^^^
> 108 |           </div>
      | ^^^^^^^^^^
  109 |           <p className="text-white lg:pl-12 max-w-xl pt-2">
  110 |             ZambiTour is Southern Africa's trusted travel partner — flights, hotels, car ...
  111 |           </p>

Parsing ecmascript source code failed

Import trace:
  Server Component:
    ./src/components/layout/footer.tsx
    ./src/app/page.tsx @ http://localhost:3000/_next/static/chunks/node_modules_next_dist_1gdrd03._.js:1945
[ 2448469ms] [ERROR] ./src/components/layout/footer.tsx:107:20
Expected '</', got 'jsx text'
  105 |                 </div>
  106 |               </div>
> 107 |             </Link>
      |                    ^^^^^^^^^^^^^^^^^^^^^^^^^^^^^^^^^^^^^^^^^^^^^^^^^^^^^^^^^^^^^^^^^^^^^^^^^
> 108 |           </div>
      | ^^^^^^^^^^
  109 |           <p className="text-white lg:pl-12 max-w-xl pt-2">
  110 |             ZambiTour is Southern Africa's trusted travel partner — flights, hotels, car ...
  111 |           </p>

Parsing ecmascript source code failed

Import trace:
  Server Component:
    ./src/components/layout/footer.tsx
    ./src/app/page.tsx @ http://localhost:3000/_next/static/chunks/node_modules_next_dist_1gdrd03._.js:1945
[ 2448509ms] [ERROR] ./src/components/layout/footer.tsx:107:20
Expected '</', got 'jsx text'
  105 |                 </div>
  106 |               </div>
> 107 |             </Link>
      |                    ^^^^^^^^^^^^^^^^^^^^^^^^^^^^^^^^^^^^^^^^^^^^^^^^^^^^^^^^^^^^^^^^^^^^^^^^^
> 108 |           </div>
      | ^^^^^^^^^^
  109 |           <p className="text-white lg:pl-12 max-w-xl pt-2">
  110 |             ZambiTour is Southern Africa's trusted travel partner — flights, hotels, car ...
  111 |           </p>

Parsing ecmascript source code failed

Import trace:
  Server Component:
    ./src/components/layout/footer.tsx
    ./src/app/page.tsx @ http://localhost:3000/_next/static/chunks/node_modules_next_dist_1gdrd03._.js:1945
[ 2448550ms] [ERROR] ./src/components/layout/footer.tsx:107:20
Expected '</', got 'jsx text'
  105 |                 </div>
  106 |               </div>
> 107 |             </Link>
      |                    ^^^^^^^^^^^^^^^^^^^^^^^^^^^^^^^^^^^^^^^^^^^^^^^^^^^^^^^^^^^^^^^^^^^^^^^^^
> 108 |           </div>
      | ^^^^^^^^^^
  109 |           <p className="text-white lg:pl-12 max-w-xl pt-2">
  110 |             ZambiTour is Southern Africa's trusted travel partner — flights, hotels, car ...
  111 |           </p>

Parsing ecmascript source code failed

Import trace:
  Server Component:
    ./src/components/layout/footer.tsx
    ./src/app/page.tsx @ http://localhost:3000/_next/static/chunks/node_modules_next_dist_1gdrd03._.js:1945
[ 2448590ms] [ERROR] ./src/components/layout/footer.tsx:107:20
Expected '</', got 'jsx text'
  105 |                 </div>
  106 |               </div>
> 107 |             </Link>
      |                    ^^^^^^^^^^^^^^^^^^^^^^^^^^^^^^^^^^^^^^^^^^^^^^^^^^^^^^^^^^^^^^^^^^^^^^^^^
> 108 |           </div>
      | ^^^^^^^^^^
  109 |           <p className="text-white lg:pl-12 max-w-xl pt-2">
  110 |             ZambiTour is Southern Africa's trusted travel partner — flights, hotels, car ...
  111 |           </p>

Parsing ecmascript source code failed

Import trace:
  Server Component:
    ./src/components/layout/footer.tsx
    ./src/app/page.tsx @ http://localhost:3000/_next/static/chunks/node_modules_next_dist_1gdrd03._.js:1945
[ 2448630ms] [ERROR] ./src/components/layout/footer.tsx:107:20
Expected '</', got 'jsx text'
  105 |                 </div>
  106 |               </div>
> 107 |             </Link>
      |                    ^^^^^^^^^^^^^^^^^^^^^^^^^^^^^^^^^^^^^^^^^^^^^^^^^^^^^^^^^^^^^^^^^^^^^^^^^
> 108 |           </div>
      | ^^^^^^^^^^
  109 |           <p className="text-white lg:pl-12 max-w-xl pt-2">
  110 |             ZambiTour is Southern Africa's trusted travel partner — flights, hotels, car ...
  111 |           </p>

Parsing ecmascript source code failed

Import trace:
  Server Component:
    ./src/components/layout/footer.tsx
    ./src/app/page.tsx @ http://localhost:3000/_next/static/chunks/node_modules_next_dist_1gdrd03._.js:1945
[ 2448669ms] [ERROR] ./src/components/layout/footer.tsx:107:20
Expected '</', got 'jsx text'
  105 |                 </div>
  106 |               </div>
> 107 |             </Link>
      |                    ^^^^^^^^^^^^^^^^^^^^^^^^^^^^^^^^^^^^^^^^^^^^^^^^^^^^^^^^^^^^^^^^^^^^^^^^^
> 108 |           </div>
      | ^^^^^^^^^^
  109 |           <p className="text-white lg:pl-12 max-w-xl pt-2">
  110 |             ZambiTour is Southern Africa's trusted travel partner — flights, hotels, car ...
  111 |           </p>

Parsing ecmascript source code failed

Import trace:
  Server Component:
    ./src/components/layout/footer.tsx
    ./src/app/page.tsx @ http://localhost:3000/_next/static/chunks/node_modules_next_dist_1gdrd03._.js:1945
[ 2448706ms] [ERROR] ./src/components/layout/footer.tsx:107:20
Expected '</', got 'jsx text'
  105 |                 </div>
  106 |               </div>
> 107 |             </Link>
      |                    ^^^^^^^^^^^^^^^^^^^^^^^^^^^^^^^^^^^^^^^^^^^^^^^^^^^^^^^^^^^^^^^^^^^^^^^^^
> 108 |           </div>
      | ^^^^^^^^^^
  109 |           <p className="text-white lg:pl-12 max-w-xl pt-2">
  110 |             ZambiTour is Southern Africa's trusted travel partner — flights, hotels, car ...
  111 |           </p>

Parsing ecmascript source code failed

Import trace:
  Server Component:
    ./src/components/layout/footer.tsx
    ./src/app/page.tsx @ http://localhost:3000/_next/static/chunks/node_modules_next_dist_1gdrd03._.js:1945
[ 2448744ms] [ERROR] ./src/components/layout/footer.tsx:107:20
Expected '</', got 'jsx text'
  105 |                 </div>
  106 |               </div>
> 107 |             </Link>
      |                    ^^^^^^^^^^^^^^^^^^^^^^^^^^^^^^^^^^^^^^^^^^^^^^^^^^^^^^^^^^^^^^^^^^^^^^^^^
> 108 |           </div>
      | ^^^^^^^^^^
  109 |           <p className="text-white lg:pl-12 max-w-xl pt-2">
  110 |             ZambiTour is Southern Africa's trusted travel partner — flights, hotels, car ...
  111 |           </p>

Parsing ecmascript source code failed

Import trace:
  Server Component:
    ./src/components/layout/footer.tsx
    ./src/app/page.tsx @ http://localhost:3000/_next/static/chunks/node_modules_next_dist_1gdrd03._.js:1945
[ 2448785ms] [ERROR] ./src/components/layout/footer.tsx:107:20
Expected '</', got 'jsx text'
  105 |                 </div>
  106 |               </div>
> 107 |             </Link>
      |                    ^^^^^^^^^^^^^^^^^^^^^^^^^^^^^^^^^^^^^^^^^^^^^^^^^^^^^^^^^^^^^^^^^^^^^^^^^
> 108 |           </div>
      | ^^^^^^^^^^
  109 |           <p className="text-white lg:pl-12 max-w-xl pt-2">
  110 |             ZambiTour is Southern Africa's trusted travel partner — flights, hotels, car ...
  111 |           </p>

Parsing ecmascript source code failed

Import trace:
  Server Component:
    ./src/components/layout/footer.tsx
    ./src/app/page.tsx @ http://localhost:3000/_next/static/chunks/node_modules_next_dist_1gdrd03._.js:1945
[ 2448823ms] [ERROR] ./src/components/layout/footer.tsx:107:20
Expected '</', got 'jsx text'
  105 |                 </div>
  106 |               </div>
> 107 |             </Link>
      |                    ^^^^^^^^^^^^^^^^^^^^^^^^^^^^^^^^^^^^^^^^^^^^^^^^^^^^^^^^^^^^^^^^^^^^^^^^^
> 108 |           </div>
      | ^^^^^^^^^^
  109 |           <p className="text-white lg:pl-12 max-w-xl pt-2">
  110 |             ZambiTour is Southern Africa's trusted travel partner — flights, hotels, car ...
  111 |           </p>

Parsing ecmascript source code failed

Import trace:
  Server Component:
    ./src/components/layout/footer.tsx
    ./src/app/page.tsx @ http://localhost:3000/_next/static/chunks/node_modules_next_dist_1gdrd03._.js:1945
[ 2448860ms] [ERROR] ./src/components/layout/footer.tsx:107:20
Expected '</', got 'jsx text'
  105 |                 </div>
  106 |               </div>
> 107 |             </Link>
      |                    ^^^^^^^^^^^^^^^^^^^^^^^^^^^^^^^^^^^^^^^^^^^^^^^^^^^^^^^^^^^^^^^^^^^^^^^^^
> 108 |           </div>
      | ^^^^^^^^^^
  109 |           <p className="text-white lg:pl-12 max-w-xl pt-2">
  110 |             ZambiTour is Southern Africa's trusted travel partner — flights, hotels, car ...
  111 |           </p>

Parsing ecmascript source code failed

Import trace:
  Server Component:
    ./src/components/layout/footer.tsx
    ./src/app/page.tsx @ http://localhost:3000/_next/static/chunks/node_modules_next_dist_1gdrd03._.js:1945
[ 2448900ms] [ERROR] ./src/components/layout/footer.tsx:107:20
Expected '</', got 'jsx text'
  105 |                 </div>
  106 |               </div>
> 107 |             </Link>
      |                    ^^^^^^^^^^^^^^^^^^^^^^^^^^^^^^^^^^^^^^^^^^^^^^^^^^^^^^^^^^^^^^^^^^^^^^^^^
> 108 |           </div>
      | ^^^^^^^^^^
  109 |           <p className="text-white lg:pl-12 max-w-xl pt-2">
  110 |             ZambiTour is Southern Africa's trusted travel partner — flights, hotels, car ...
  111 |           </p>

Parsing ecmascript source code failed

Import trace:
  Server Component:
    ./src/components/layout/footer.tsx
    ./src/app/page.tsx @ http://localhost:3000/_next/static/chunks/node_modules_next_dist_1gdrd03._.js:1945
[ 2448940ms] [ERROR] ./src/components/layout/footer.tsx:107:20
Expected '</', got 'jsx text'
  105 |                 </div>
  106 |               </div>
> 107 |             </Link>
      |                    ^^^^^^^^^^^^^^^^^^^^^^^^^^^^^^^^^^^^^^^^^^^^^^^^^^^^^^^^^^^^^^^^^^^^^^^^^
> 108 |           </div>
      | ^^^^^^^^^^
  109 |           <p className="text-white lg:pl-12 max-w-xl pt-2">
  110 |             ZambiTour is Southern Africa's trusted travel partner — flights, hotels, car ...
  111 |           </p>

Parsing ecmascript source code failed

Import trace:
  Server Component:
    ./src/components/layout/footer.tsx
    ./src/app/page.tsx @ http://localhost:3000/_next/static/chunks/node_modules_next_dist_1gdrd03._.js:1945
[ 2448979ms] [ERROR] ./src/components/layout/footer.tsx:107:20
Expected '</', got 'jsx text'
  105 |                 </div>
  106 |               </div>
> 107 |             </Link>
      |                    ^^^^^^^^^^^^^^^^^^^^^^^^^^^^^^^^^^^^^^^^^^^^^^^^^^^^^^^^^^^^^^^^^^^^^^^^^
> 108 |           </div>
      | ^^^^^^^^^^
  109 |           <p className="text-white lg:pl-12 max-w-xl pt-2">
  110 |             ZambiTour is Southern Africa's trusted travel partner — flights, hotels, car ...
  111 |           </p>

Parsing ecmascript source code failed

Import trace:
  Server Component:
    ./src/components/layout/footer.tsx
    ./src/app/page.tsx @ http://localhost:3000/_next/static/chunks/node_modules_next_dist_1gdrd03._.js:1945
[ 2449017ms] [ERROR] ./src/components/layout/footer.tsx:107:20
Expected '</', got 'jsx text'
  105 |                 </div>
  106 |               </div>
> 107 |             </Link>
      |                    ^^^^^^^^^^^^^^^^^^^^^^^^^^^^^^^^^^^^^^^^^^^^^^^^^^^^^^^^^^^^^^^^^^^^^^^^^
> 108 |           </div>
      | ^^^^^^^^^^
  109 |           <p className="text-white lg:pl-12 max-w-xl pt-2">
  110 |             ZambiTour is Southern Africa's trusted travel partner — flights, hotels, car ...
  111 |           </p>

Parsing ecmascript source code failed

Import trace:
  Server Component:
    ./src/components/layout/footer.tsx
    ./src/app/page.tsx @ http://localhost:3000/_next/static/chunks/node_modules_next_dist_1gdrd03._.js:1945
[ 2449055ms] [ERROR] ./src/components/layout/footer.tsx:107:20
Expected '</', got 'jsx text'
  105 |                 </div>
  106 |               </div>
> 107 |             </Link>
      |                    ^^^^^^^^^^^^^^^^^^^^^^^^^^^^^^^^^^^^^^^^^^^^^^^^^^^^^^^^^^^^^^^^^^^^^^^^^
> 108 |           </div>
      | ^^^^^^^^^^
  109 |           <p className="text-white lg:pl-12 max-w-xl pt-2">
  110 |             ZambiTour is Southern Africa's trusted travel partner — flights, hotels, car ...
  111 |           </p>

Parsing ecmascript source code failed

Import trace:
  Server Component:
    ./src/components/layout/footer.tsx
    ./src/app/page.tsx @ http://localhost:3000/_next/static/chunks/node_modules_next_dist_1gdrd03._.js:1945
[ 2449093ms] [ERROR] ./src/components/layout/footer.tsx:107:20
Expected '</', got 'jsx text'
  105 |                 </div>
  106 |               </div>
> 107 |             </Link>
      |                    ^^^^^^^^^^^^^^^^^^^^^^^^^^^^^^^^^^^^^^^^^^^^^^^^^^^^^^^^^^^^^^^^^^^^^^^^^
> 108 |           </div>
      | ^^^^^^^^^^
  109 |           <p className="text-white lg:pl-12 max-w-xl pt-2">
  110 |             ZambiTour is Southern Africa's trusted travel partner — flights, hotels, car ...
  111 |           </p>

Parsing ecmascript source code failed

Import trace:
  Server Component:
    ./src/components/layout/footer.tsx
    ./src/app/page.tsx @ http://localhost:3000/_next/static/chunks/node_modules_next_dist_1gdrd03._.js:1945
[ 2449132ms] [ERROR] ./src/components/layout/footer.tsx:107:20
Expected '</', got 'jsx text'
  105 |                 </div>
  106 |               </div>
> 107 |             </Link>
      |                    ^^^^^^^^^^^^^^^^^^^^^^^^^^^^^^^^^^^^^^^^^^^^^^^^^^^^^^^^^^^^^^^^^^^^^^^^^
> 108 |           </div>
      | ^^^^^^^^^^
  109 |           <p className="text-white lg:pl-12 max-w-xl pt-2">
  110 |             ZambiTour is Southern Africa's trusted travel partner — flights, hotels, car ...
  111 |           </p>

Parsing ecmascript source code failed

Import trace:
  Server Component:
    ./src/components/layout/footer.tsx
    ./src/app/page.tsx @ http://localhost:3000/_next/static/chunks/node_modules_next_dist_1gdrd03._.js:1945
[ 2449170ms] [ERROR] ./src/components/layout/footer.tsx:107:20
Expected '</', got 'jsx text'
  105 |                 </div>
  106 |               </div>
> 107 |             </Link>
      |                    ^^^^^^^^^^^^^^^^^^^^^^^^^^^^^^^^^^^^^^^^^^^^^^^^^^^^^^^^^^^^^^^^^^^^^^^^^
> 108 |           </div>
      | ^^^^^^^^^^
  109 |           <p className="text-white lg:pl-12 max-w-xl pt-2">
  110 |             ZambiTour is Southern Africa's trusted travel partner — flights, hotels, car ...
  111 |           </p>

Parsing ecmascript source code failed

Import trace:
  Server Component:
    ./src/components/layout/footer.tsx
    ./src/app/page.tsx @ http://localhost:3000/_next/static/chunks/node_modules_next_dist_1gdrd03._.js:1945
[ 2449208ms] [ERROR] ./src/components/layout/footer.tsx:107:20
Expected '</', got 'jsx text'
  105 |                 </div>
  106 |               </div>
> 107 |             </Link>
      |                    ^^^^^^^^^^^^^^^^^^^^^^^^^^^^^^^^^^^^^^^^^^^^^^^^^^^^^^^^^^^^^^^^^^^^^^^^^
> 108 |           </div>
      | ^^^^^^^^^^
  109 |           <p className="text-white lg:pl-12 max-w-xl pt-2">
  110 |             ZambiTour is Southern Africa's trusted travel partner — flights, hotels, car ...
  111 |           </p>

Parsing ecmascript source code failed

Import trace:
  Server Component:
    ./src/components/layout/footer.tsx
    ./src/app/page.tsx @ http://localhost:3000/_next/static/chunks/node_modules_next_dist_1gdrd03._.js:1945
[ 2449247ms] [ERROR] ./src/components/layout/footer.tsx:107:20
Expected '</', got 'jsx text'
  105 |                 </div>
  106 |               </div>
> 107 |             </Link>
      |                    ^^^^^^^^^^^^^^^^^^^^^^^^^^^^^^^^^^^^^^^^^^^^^^^^^^^^^^^^^^^^^^^^^^^^^^^^^
> 108 |           </div>
      | ^^^^^^^^^^
  109 |           <p className="text-white lg:pl-12 max-w-xl pt-2">
  110 |             ZambiTour is Southern Africa's trusted travel partner — flights, hotels, car ...
  111 |           </p>

Parsing ecmascript source code failed

Import trace:
  Server Component:
    ./src/components/layout/footer.tsx
    ./src/app/page.tsx @ http://localhost:3000/_next/static/chunks/node_modules_next_dist_1gdrd03._.js:1945
[ 2449461ms] [LOG] [Fast Refresh] rebuilding @ http://localhost:3000/_next/static/chunks/node_modules_next_dist_1gdrd03._.js:1226
[ 2449466ms] [ERROR] ./src/components/layout/footer.tsx:107:20
Expected '</', got 'jsx text'
  105 |                 </div>
  106 |               </div>
> 107 |             </Link>
      |                    ^^^^^^^^^^^^^^^^^^^^^^^^^^^^^^^^^^^^^^^^^^^^^^^^^^^^^^^^^^^^^^^^^^^^^^^^^
> 108 |           </div>
      | ^^^^^^^^^^
  109 |           <p className="text-white lg:pl-12 max-w-xl pt-2">
  110 |             ZambiTour is Southern Africa's trusted travel partner — flights, hotels, car ...
  111 |           </p>

Parsing ecmascript source code failed

Import trace:
  Server Component:
    ./src/components/layout/footer.tsx
    ./src/app/page.tsx @ http://localhost:3000/_next/static/chunks/node_modules_next_dist_1gdrd03._.js:1945
[ 2449522ms] [ERROR] ./src/components/layout/footer.tsx:107:20
Expected '</', got 'jsx text'
  105 |                 </div>
  106 |               </div>
> 107 |             </Link>
      |                    ^^^^^^^^^^^^^^^^^^^^^^^^^^^^^^^^^^^^^^^^^^^^^^^^^^^^^^^^^^^^^^^^^^^^^^^^^
> 108 |           </div>
      | ^^^^^^^^^^
  109 |           <p className="text-white lg:pl-12 max-w-xl pt-2">
  110 |             ZambiTour is Southern Africa's trusted travel partner — flights, hotels, car ...
  111 |           </p>

Parsing ecmascript source code failed

Import trace:
  Server Component:
    ./src/components/layout/footer.tsx
    ./src/app/page.tsx @ http://localhost:3000/_next/static/chunks/node_modules_next_dist_1gdrd03._.js:1945
[ 2449567ms] [ERROR] ./src/components/layout/footer.tsx:107:20
Expected '</', got 'jsx text'
  105 |                 </div>
  106 |               </div>
> 107 |             </Link>
      |                    ^^^^^^^^^^^^^^^^^^^^^^^^^^^^^^^^^^^^^^^^^^^^^^^^^^^^^^^^^^^^^^^^^^^^^^^^^
> 108 |           </div>
      | ^^^^^^^^^^
  109 |           <p className="text-white lg:pl-12 max-w-xl pt-2">
  110 |             ZambiTour is Southern Africa's trusted travel partner — flights, hotels, car ...
  111 |           </p>

Parsing ecmascript source code failed

Import trace:
  Server Component:
    ./src/components/layout/footer.tsx
    ./src/app/page.tsx @ http://localhost:3000/_next/static/chunks/node_modules_next_dist_1gdrd03._.js:1945
[ 2449606ms] [ERROR] ./src/components/layout/footer.tsx:107:20
Expected '</', got 'jsx text'
  105 |                 </div>
  106 |               </div>
> 107 |             </Link>
      |                    ^^^^^^^^^^^^^^^^^^^^^^^^^^^^^^^^^^^^^^^^^^^^^^^^^^^^^^^^^^^^^^^^^^^^^^^^^
> 108 |           </div>
      | ^^^^^^^^^^
  109 |           <p className="text-white lg:pl-12 max-w-xl pt-2">
  110 |             ZambiTour is Southern Africa's trusted travel partner — flights, hotels, car ...
  111 |           </p>

Parsing ecmascript source code failed

Import trace:
  Server Component:
    ./src/components/layout/footer.tsx
    ./src/app/page.tsx @ http://localhost:3000/_next/static/chunks/node_modules_next_dist_1gdrd03._.js:1945
[ 2449643ms] [ERROR] ./src/components/layout/footer.tsx:107:20
Expected '</', got 'jsx text'
  105 |                 </div>
  106 |               </div>
> 107 |             </Link>
      |                    ^^^^^^^^^^^^^^^^^^^^^^^^^^^^^^^^^^^^^^^^^^^^^^^^^^^^^^^^^^^^^^^^^^^^^^^^^
> 108 |           </div>
      | ^^^^^^^^^^
  109 |           <p className="text-white lg:pl-12 max-w-xl pt-2">
  110 |             ZambiTour is Southern Africa's trusted travel partner — flights, hotels, car ...
  111 |           </p>

Parsing ecmascript source code failed

Import trace:
  Server Component:
    ./src/components/layout/footer.tsx
    ./src/app/page.tsx @ http://localhost:3000/_next/static/chunks/node_modules_next_dist_1gdrd03._.js:1945
[ 2449682ms] [ERROR] ./src/components/layout/footer.tsx:107:20
Expected '</', got 'jsx text'
  105 |                 </div>
  106 |               </div>
> 107 |             </Link>
      |                    ^^^^^^^^^^^^^^^^^^^^^^^^^^^^^^^^^^^^^^^^^^^^^^^^^^^^^^^^^^^^^^^^^^^^^^^^^
> 108 |           </div>
      | ^^^^^^^^^^
  109 |           <p className="text-white lg:pl-12 max-w-xl pt-2">
  110 |             ZambiTour is Southern Africa's trusted travel partner — flights, hotels, car ...
  111 |           </p>

Parsing ecmascript source code failed

Import trace:
  Server Component:
    ./src/components/layout/footer.tsx
    ./src/app/page.tsx @ http://localhost:3000/_next/static/chunks/node_modules_next_dist_1gdrd03._.js:1945
[ 2449722ms] [ERROR] ./src/components/layout/footer.tsx:107:20
Expected '</', got 'jsx text'
  105 |                 </div>
  106 |               </div>
> 107 |             </Link>
      |                    ^^^^^^^^^^^^^^^^^^^^^^^^^^^^^^^^^^^^^^^^^^^^^^^^^^^^^^^^^^^^^^^^^^^^^^^^^
> 108 |           </div>
      | ^^^^^^^^^^
  109 |           <p className="text-white lg:pl-12 max-w-xl pt-2">
  110 |             ZambiTour is Southern Africa's trusted travel partner — flights, hotels, car ...
  111 |           </p>

Parsing ecmascript source code failed

Import trace:
  Server Component:
    ./src/components/layout/footer.tsx
    ./src/app/page.tsx @ http://localhost:3000/_next/static/chunks/node_modules_next_dist_1gdrd03._.js:1945
[ 2449761ms] [ERROR] ./src/components/layout/footer.tsx:107:20
Expected '</', got 'jsx text'
  105 |                 </div>
  106 |               </div>
> 107 |             </Link>
      |                    ^^^^^^^^^^^^^^^^^^^^^^^^^^^^^^^^^^^^^^^^^^^^^^^^^^^^^^^^^^^^^^^^^^^^^^^^^
> 108 |           </div>
      | ^^^^^^^^^^
  109 |           <p className="text-white lg:pl-12 max-w-xl pt-2">
  110 |             ZambiTour is Southern Africa's trusted travel partner — flights, hotels, car ...
  111 |           </p>

Parsing ecmascript source code failed

Import trace:
  Server Component:
    ./src/components/layout/footer.tsx
    ./src/app/page.tsx @ http://localhost:3000/_next/static/chunks/node_modules_next_dist_1gdrd03._.js:1945
[ 2449800ms] [ERROR] ./src/components/layout/footer.tsx:107:20
Expected '</', got 'jsx text'
  105 |                 </div>
  106 |               </div>
> 107 |             </Link>
      |                    ^^^^^^^^^^^^^^^^^^^^^^^^^^^^^^^^^^^^^^^^^^^^^^^^^^^^^^^^^^^^^^^^^^^^^^^^^
> 108 |           </div>
      | ^^^^^^^^^^
  109 |           <p className="text-white lg:pl-12 max-w-xl pt-2">
  110 |             ZambiTour is Southern Africa's trusted travel partner — flights, hotels, car ...
  111 |           </p>

Parsing ecmascript source code failed

Import trace:
  Server Component:
    ./src/components/layout/footer.tsx
    ./src/app/page.tsx @ http://localhost:3000/_next/static/chunks/node_modules_next_dist_1gdrd03._.js:1945
[ 2449839ms] [ERROR] ./src/components/layout/footer.tsx:107:20
Expected '</', got 'jsx text'
  105 |                 </div>
  106 |               </div>
> 107 |             </Link>
      |                    ^^^^^^^^^^^^^^^^^^^^^^^^^^^^^^^^^^^^^^^^^^^^^^^^^^^^^^^^^^^^^^^^^^^^^^^^^
> 108 |           </div>
      | ^^^^^^^^^^
  109 |           <p className="text-white lg:pl-12 max-w-xl pt-2">
  110 |             ZambiTour is Southern Africa's trusted travel partner — flights, hotels, car ...
  111 |           </p>

Parsing ecmascript source code failed

Import trace:
  Server Component:
    ./src/components/layout/footer.tsx
    ./src/app/page.tsx @ http://localhost:3000/_next/static/chunks/node_modules_next_dist_1gdrd03._.js:1945
[ 2449877ms] [ERROR] ./src/components/layout/footer.tsx:107:20
Expected '</', got 'jsx text'
  105 |                 </div>
  106 |               </div>
> 107 |             </Link>
      |                    ^^^^^^^^^^^^^^^^^^^^^^^^^^^^^^^^^^^^^^^^^^^^^^^^^^^^^^^^^^^^^^^^^^^^^^^^^
> 108 |           </div>
      | ^^^^^^^^^^
  109 |           <p className="text-white lg:pl-12 max-w-xl pt-2">
  110 |             ZambiTour is Southern Africa's trusted travel partner — flights, hotels, car ...
  111 |           </p>

Parsing ecmascript source code failed

Import trace:
  Server Component:
    ./src/components/layout/footer.tsx
    ./src/app/page.tsx @ http://localhost:3000/_next/static/chunks/node_modules_next_dist_1gdrd03._.js:1945
[ 2449918ms] [ERROR] ./src/components/layout/footer.tsx:107:20
Expected '</', got 'jsx text'
  105 |                 </div>
  106 |               </div>
> 107 |             </Link>
      |                    ^^^^^^^^^^^^^^^^^^^^^^^^^^^^^^^^^^^^^^^^^^^^^^^^^^^^^^^^^^^^^^^^^^^^^^^^^
> 108 |           </div>
      | ^^^^^^^^^^
  109 |           <p className="text-white lg:pl-12 max-w-xl pt-2">
  110 |             ZambiTour is Southern Africa's trusted travel partner — flights, hotels, car ...
  111 |           </p>

Parsing ecmascript source code failed

Import trace:
  Server Component:
    ./src/components/layout/footer.tsx
    ./src/app/page.tsx @ http://localhost:3000/_next/static/chunks/node_modules_next_dist_1gdrd03._.js:1945
[ 2449957ms] [ERROR] ./src/components/layout/footer.tsx:107:20
Expected '</', got 'jsx text'
  105 |                 </div>
  106 |               </div>
> 107 |             </Link>
      |                    ^^^^^^^^^^^^^^^^^^^^^^^^^^^^^^^^^^^^^^^^^^^^^^^^^^^^^^^^^^^^^^^^^^^^^^^^^
> 108 |           </div>
      | ^^^^^^^^^^
  109 |           <p className="text-white lg:pl-12 max-w-xl pt-2">
  110 |             ZambiTour is Southern Africa's trusted travel partner — flights, hotels, car ...
  111 |           </p>

Parsing ecmascript source code failed

Import trace:
  Server Component:
    ./src/components/layout/footer.tsx
    ./src/app/page.tsx @ http://localhost:3000/_next/static/chunks/node_modules_next_dist_1gdrd03._.js:1945
[ 2449995ms] [ERROR] ./src/components/layout/footer.tsx:107:20
Expected '</', got 'jsx text'
  105 |                 </div>
  106 |               </div>
> 107 |             </Link>
      |                    ^^^^^^^^^^^^^^^^^^^^^^^^^^^^^^^^^^^^^^^^^^^^^^^^^^^^^^^^^^^^^^^^^^^^^^^^^
> 108 |           </div>
      | ^^^^^^^^^^
  109 |           <p className="text-white lg:pl-12 max-w-xl pt-2">
  110 |             ZambiTour is Southern Africa's trusted travel partner — flights, hotels, car ...
  111 |           </p>

Parsing ecmascript source code failed

Import trace:
  Server Component:
    ./src/components/layout/footer.tsx
    ./src/app/page.tsx @ http://localhost:3000/_next/static/chunks/node_modules_next_dist_1gdrd03._.js:1945
[ 2450038ms] [ERROR] ./src/components/layout/footer.tsx:107:20
Expected '</', got 'jsx text'
  105 |                 </div>
  106 |               </div>
> 107 |             </Link>
      |                    ^^^^^^^^^^^^^^^^^^^^^^^^^^^^^^^^^^^^^^^^^^^^^^^^^^^^^^^^^^^^^^^^^^^^^^^^^
> 108 |           </div>
      | ^^^^^^^^^^
  109 |           <p className="text-white lg:pl-12 max-w-xl pt-2">
  110 |             ZambiTour is Southern Africa's trusted travel partner — flights, hotels, car ...
  111 |           </p>

Parsing ecmascript source code failed

Import trace:
  Server Component:
    ./src/components/layout/footer.tsx
    ./src/app/page.tsx @ http://localhost:3000/_next/static/chunks/node_modules_next_dist_1gdrd03._.js:1945
[ 2450075ms] [ERROR] ./src/components/layout/footer.tsx:107:20
Expected '</', got 'jsx text'
  105 |                 </div>
  106 |               </div>
> 107 |             </Link>
      |                    ^^^^^^^^^^^^^^^^^^^^^^^^^^^^^^^^^^^^^^^^^^^^^^^^^^^^^^^^^^^^^^^^^^^^^^^^^
> 108 |           </div>
      | ^^^^^^^^^^
  109 |           <p className="text-white lg:pl-12 max-w-xl pt-2">
  110 |             ZambiTour is Southern Africa's trusted travel partner — flights, hotels, car ...
  111 |           </p>

Parsing ecmascript source code failed

Import trace:
  Server Component:
    ./src/components/layout/footer.tsx
    ./src/app/page.tsx @ http://localhost:3000/_next/static/chunks/node_modules_next_dist_1gdrd03._.js:1945
[ 2450112ms] [ERROR] ./src/components/layout/footer.tsx:107:20
Expected '</', got 'jsx text'
  105 |                 </div>
  106 |               </div>
> 107 |             </Link>
      |                    ^^^^^^^^^^^^^^^^^^^^^^^^^^^^^^^^^^^^^^^^^^^^^^^^^^^^^^^^^^^^^^^^^^^^^^^^^
> 108 |           </div>
      | ^^^^^^^^^^
  109 |           <p className="text-white lg:pl-12 max-w-xl pt-2">
  110 |             ZambiTour is Southern Africa's trusted travel partner — flights, hotels, car ...
  111 |           </p>

Parsing ecmascript source code failed

Import trace:
  Server Component:
    ./src/components/layout/footer.tsx
    ./src/app/page.tsx @ http://localhost:3000/_next/static/chunks/node_modules_next_dist_1gdrd03._.js:1945
[ 2450152ms] [ERROR] ./src/components/layout/footer.tsx:107:20
Expected '</', got 'jsx text'
  105 |                 </div>
  106 |               </div>
> 107 |             </Link>
      |                    ^^^^^^^^^^^^^^^^^^^^^^^^^^^^^^^^^^^^^^^^^^^^^^^^^^^^^^^^^^^^^^^^^^^^^^^^^
> 108 |           </div>
      | ^^^^^^^^^^
  109 |           <p className="text-white lg:pl-12 max-w-xl pt-2">
  110 |             ZambiTour is Southern Africa's trusted travel partner — flights, hotels, car ...
  111 |           </p>

Parsing ecmascript source code failed

Import trace:
  Server Component:
    ./src/components/layout/footer.tsx
    ./src/app/page.tsx @ http://localhost:3000/_next/static/chunks/node_modules_next_dist_1gdrd03._.js:1945
[ 2450191ms] [ERROR] ./src/components/layout/footer.tsx:107:20
Expected '</', got 'jsx text'
  105 |                 </div>
  106 |               </div>
> 107 |             </Link>
      |                    ^^^^^^^^^^^^^^^^^^^^^^^^^^^^^^^^^^^^^^^^^^^^^^^^^^^^^^^^^^^^^^^^^^^^^^^^^
> 108 |           </div>
      | ^^^^^^^^^^
  109 |           <p className="text-white lg:pl-12 max-w-xl pt-2">
  110 |             ZambiTour is Southern Africa's trusted travel partner — flights, hotels, car ...
  111 |           </p>

Parsing ecmascript source code failed

Import trace:
  Server Component:
    ./src/components/layout/footer.tsx
    ./src/app/page.tsx @ http://localhost:3000/_next/static/chunks/node_modules_next_dist_1gdrd03._.js:1945
[ 2450229ms] [ERROR] ./src/components/layout/footer.tsx:107:20
Expected '</', got 'jsx text'
  105 |                 </div>
  106 |               </div>
> 107 |             </Link>
      |                    ^^^^^^^^^^^^^^^^^^^^^^^^^^^^^^^^^^^^^^^^^^^^^^^^^^^^^^^^^^^^^^^^^^^^^^^^^
> 108 |           </div>
      | ^^^^^^^^^^
  109 |           <p className="text-white lg:pl-12 max-w-xl pt-2">
  110 |             ZambiTour is Southern Africa's trusted travel partner — flights, hotels, car ...
  111 |           </p>

Parsing ecmascript source code failed

Import trace:
  Server Component:
    ./src/components/layout/footer.tsx
    ./src/app/page.tsx @ http://localhost:3000/_next/static/chunks/node_modules_next_dist_1gdrd03._.js:1945
[ 2450269ms] [ERROR] ./src/components/layout/footer.tsx:107:20
Expected '</', got 'jsx text'
  105 |                 </div>
  106 |               </div>
> 107 |             </Link>
      |                    ^^^^^^^^^^^^^^^^^^^^^^^^^^^^^^^^^^^^^^^^^^^^^^^^^^^^^^^^^^^^^^^^^^^^^^^^^
> 108 |           </div>
      | ^^^^^^^^^^
  109 |           <p className="text-white lg:pl-12 max-w-xl pt-2">
  110 |             ZambiTour is Southern Africa's trusted travel partner — flights, hotels, car ...
  111 |           </p>

Parsing ecmascript source code failed

Import trace:
  Server Component:
    ./src/components/layout/footer.tsx
    ./src/app/page.tsx @ http://localhost:3000/_next/static/chunks/node_modules_next_dist_1gdrd03._.js:1945
[ 2450309ms] [ERROR] ./src/components/layout/footer.tsx:107:20
Expected '</', got 'jsx text'
  105 |                 </div>
  106 |               </div>
> 107 |             </Link>
      |                    ^^^^^^^^^^^^^^^^^^^^^^^^^^^^^^^^^^^^^^^^^^^^^^^^^^^^^^^^^^^^^^^^^^^^^^^^^
> 108 |           </div>
      | ^^^^^^^^^^
  109 |           <p className="text-white lg:pl-12 max-w-xl pt-2">
  110 |             ZambiTour is Southern Africa's trusted travel partner — flights, hotels, car ...
  111 |           </p>

Parsing ecmascript source code failed

Import trace:
  Server Component:
    ./src/components/layout/footer.tsx
    ./src/app/page.tsx @ http://localhost:3000/_next/static/chunks/node_modules_next_dist_1gdrd03._.js:1945
[ 2450349ms] [ERROR] ./src/components/layout/footer.tsx:107:20
Expected '</', got 'jsx text'
  105 |                 </div>
  106 |               </div>
> 107 |             </Link>
      |                    ^^^^^^^^^^^^^^^^^^^^^^^^^^^^^^^^^^^^^^^^^^^^^^^^^^^^^^^^^^^^^^^^^^^^^^^^^
> 108 |           </div>
      | ^^^^^^^^^^
  109 |           <p className="text-white lg:pl-12 max-w-xl pt-2">
  110 |             ZambiTour is Southern Africa's trusted travel partner — flights, hotels, car ...
  111 |           </p>

Parsing ecmascript source code failed

Import trace:
  Server Component:
    ./src/components/layout/footer.tsx
    ./src/app/page.tsx @ http://localhost:3000/_next/static/chunks/node_modules_next_dist_1gdrd03._.js:1945
[ 2450387ms] [ERROR] ./src/components/layout/footer.tsx:107:20
Expected '</', got 'jsx text'
  105 |                 </div>
  106 |               </div>
> 107 |             </Link>
      |                    ^^^^^^^^^^^^^^^^^^^^^^^^^^^^^^^^^^^^^^^^^^^^^^^^^^^^^^^^^^^^^^^^^^^^^^^^^
> 108 |           </div>
      | ^^^^^^^^^^
  109 |           <p className="text-white lg:pl-12 max-w-xl pt-2">
  110 |             ZambiTour is Southern Africa's trusted travel partner — flights, hotels, car ...
  111 |           </p>

Parsing ecmascript source code failed

Import trace:
  Server Component:
    ./src/components/layout/footer.tsx
    ./src/app/page.tsx @ http://localhost:3000/_next/static/chunks/node_modules_next_dist_1gdrd03._.js:1945
[ 2450426ms] [ERROR] ./src/components/layout/footer.tsx:107:20
Expected '</', got 'jsx text'
  105 |                 </div>
  106 |               </div>
> 107 |             </Link>
      |                    ^^^^^^^^^^^^^^^^^^^^^^^^^^^^^^^^^^^^^^^^^^^^^^^^^^^^^^^^^^^^^^^^^^^^^^^^^
> 108 |           </div>
      | ^^^^^^^^^^
  109 |           <p className="text-white lg:pl-12 max-w-xl pt-2">
  110 |             ZambiTour is Southern Africa's trusted travel partner — flights, hotels, car ...
  111 |           </p>

Parsing ecmascript source code failed

Import trace:
  Server Component:
    ./src/components/layout/footer.tsx
    ./src/app/page.tsx @ http://localhost:3000/_next/static/chunks/node_modules_next_dist_1gdrd03._.js:1945
[ 2450466ms] [ERROR] ./src/components/layout/footer.tsx:107:20
Expected '</', got 'jsx text'
  105 |                 </div>
  106 |               </div>
> 107 |             </Link>
      |                    ^^^^^^^^^^^^^^^^^^^^^^^^^^^^^^^^^^^^^^^^^^^^^^^^^^^^^^^^^^^^^^^^^^^^^^^^^
> 108 |           </div>
      | ^^^^^^^^^^
  109 |           <p className="text-white lg:pl-12 max-w-xl pt-2">
  110 |             ZambiTour is Southern Africa's trusted travel partner — flights, hotels, car ...
  111 |           </p>

Parsing ecmascript source code failed

Import trace:
  Server Component:
    ./src/components/layout/footer.tsx
    ./src/app/page.tsx @ http://localhost:3000/_next/static/chunks/node_modules_next_dist_1gdrd03._.js:1945
[ 2450506ms] [ERROR] ./src/components/layout/footer.tsx:107:20
Expected '</', got 'jsx text'
  105 |                 </div>
  106 |               </div>
> 107 |             </Link>
      |                    ^^^^^^^^^^^^^^^^^^^^^^^^^^^^^^^^^^^^^^^^^^^^^^^^^^^^^^^^^^^^^^^^^^^^^^^^^
> 108 |           </div>
      | ^^^^^^^^^^
  109 |           <p className="text-white lg:pl-12 max-w-xl pt-2">
  110 |             ZambiTour is Southern Africa's trusted travel partner — flights, hotels, car ...
  111 |           </p>

Parsing ecmascript source code failed

Import trace:
  Server Component:
    ./src/components/layout/footer.tsx
    ./src/app/page.tsx @ http://localhost:3000/_next/static/chunks/node_modules_next_dist_1gdrd03._.js:1945
[ 2450543ms] [ERROR] ./src/components/layout/footer.tsx:107:20
Expected '</', got 'jsx text'
  105 |                 </div>
  106 |               </div>
> 107 |             </Link>
      |                    ^^^^^^^^^^^^^^^^^^^^^^^^^^^^^^^^^^^^^^^^^^^^^^^^^^^^^^^^^^^^^^^^^^^^^^^^^
> 108 |           </div>
      | ^^^^^^^^^^
  109 |           <p className="text-white lg:pl-12 max-w-xl pt-2">
  110 |             ZambiTour is Southern Africa's trusted travel partner — flights, hotels, car ...
  111 |           </p>

Parsing ecmascript source code failed

Import trace:
  Server Component:
    ./src/components/layout/footer.tsx
    ./src/app/page.tsx @ http://localhost:3000/_next/static/chunks/node_modules_next_dist_1gdrd03._.js:1945
[ 2450582ms] [ERROR] ./src/components/layout/footer.tsx:107:20
Expected '</', got 'jsx text'
  105 |                 </div>
  106 |               </div>
> 107 |             </Link>
      |                    ^^^^^^^^^^^^^^^^^^^^^^^^^^^^^^^^^^^^^^^^^^^^^^^^^^^^^^^^^^^^^^^^^^^^^^^^^
> 108 |           </div>
      | ^^^^^^^^^^
  109 |           <p className="text-white lg:pl-12 max-w-xl pt-2">
  110 |             ZambiTour is Southern Africa's trusted travel partner — flights, hotels, car ...
  111 |           </p>

Parsing ecmascript source code failed

Import trace:
  Server Component:
    ./src/components/layout/footer.tsx
    ./src/app/page.tsx @ http://localhost:3000/_next/static/chunks/node_modules_next_dist_1gdrd03._.js:1945
[ 2450623ms] [ERROR] ./src/components/layout/footer.tsx:107:20
Expected '</', got 'jsx text'
  105 |                 </div>
  106 |               </div>
> 107 |             </Link>
      |                    ^^^^^^^^^^^^^^^^^^^^^^^^^^^^^^^^^^^^^^^^^^^^^^^^^^^^^^^^^^^^^^^^^^^^^^^^^
> 108 |           </div>
      | ^^^^^^^^^^
  109 |           <p className="text-white lg:pl-12 max-w-xl pt-2">
  110 |             ZambiTour is Southern Africa's trusted travel partner — flights, hotels, car ...
  111 |           </p>

Parsing ecmascript source code failed

Import trace:
  Server Component:
    ./src/components/layout/footer.tsx
    ./src/app/page.tsx @ http://localhost:3000/_next/static/chunks/node_modules_next_dist_1gdrd03._.js:1945
[ 2450702ms] [ERROR] ./src/components/layout/footer.tsx:107:20
Expected '</', got 'jsx text'
  105 |                 </div>
  106 |               </div>
> 107 |             </Link>
      |                    ^^^^^^^^^^^^^^^^^^^^^^^^^^^^^^^^^^^^^^^^^^^^^^^^^^^^^^^^^^^^^^^^^^^^^^^^^
> 108 |           </div>
      | ^^^^^^^^^^
  109 |           <p className="text-white lg:pl-12 max-w-xl pt-2">
  110 |             ZambiTour is Southern Africa's trusted travel partner — flights, hotels, car ...
  111 |           </p>

Parsing ecmascript source code failed

Import trace:
  Server Component:
    ./src/components/layout/footer.tsx
    ./src/app/page.tsx @ http://localhost:3000/_next/static/chunks/node_modules_next_dist_1gdrd03._.js:1945
[ 2450728ms] [LOG] [Fast Refresh] rebuilding @ http://localhost:3000/_next/static/chunks/node_modules_next_dist_1gdrd03._.js:1226
[ 2450793ms] [LOG] [Fast Refresh] done in 78ms @ http://localhost:3000/_next/static/chunks/node_modules_next_dist_1gdrd03._.js:1226
[ 2450941ms] [LOG] [Fast Refresh] rebuilding @ http://localhost:3000/_next/static/chunks/node_modules_next_dist_1gdrd03._.js:1226
[ 2451010ms] [LOG] [Fast Refresh] done in 169ms @ http://localhost:3000/_next/static/chunks/node_modules_next_dist_1gdrd03._.js:1226
[ 2451113ms] [LOG] [Fast Refresh] rebuilding @ http://localhost:3000/_next/static/chunks/node_modules_next_dist_1gdrd03._.js:1226
[ 2451158ms] [LOG] [Fast Refresh] done in 147ms @ http://localhost:3000/_next/static/chunks/node_modules_next_dist_1gdrd03._.js:1226
[ 2451174ms] [ERROR] Failed to load resource: the server responded with a status of 404 (Not Found) @ http://localhost:3000/testimonials:0
[ 2451383ms] [INFO] %cDownload the React DevTools for a better development experience: https://react.dev/link/react-devtools font-weight:bold @ http://localhost:3000/_next/static/chunks/node_modules_next_dist_1ybzpk2._.js:2477
[ 2451518ms] [LOG] [HMR] connected @ http://localhost:3000/_next/static/chunks/node_modules_next_dist_1ybzpk2._.js:2477
[ 2457574ms] [LOG] [Fast Refresh] rebuilding @ http://localhost:3000/_next/static/chunks/node_modules_next_dist_1ybzpk2._.js:2477
[ 2457586ms] [LOG] [Fast Refresh] done in 102ms @ http://localhost:3000/_next/static/chunks/node_modules_next_dist_1ybzpk2._.js:2477
[ 2457687ms] [LOG] [Fast Refresh] rebuilding @ http://localhost:3000/_next/static/chunks/node_modules_next_dist_1ybzpk2._.js:2477
[ 2457800ms] [ERROR] Failed to load resource: the server responded with a status of 404 (Not Found) @ http://localhost:3000/testimonials?_rsc=znfyuTjL0n0OlFjg:0
[ 2457817ms] [LOG] [Fast Refresh] done in 230ms @ http://localhost:3000/_next/static/chunks/node_modules_next_dist_1ybzpk2._.js:2477
[ 2457970ms] [LOG] [Fast Refresh] rebuilding @ http://localhost:3000/_next/static/chunks/node_modules_next_dist_1ybzpk2._.js:2477
[ 2458041ms] [LOG] [Fast Refresh] done in 171ms @ http://localhost:3000/_next/static/chunks/node_modules_next_dist_1ybzpk2._.js:2477
[ 2458060ms] [ERROR] Failed to load resource: the server responded with a status of 404 (Not Found) @ http://localhost:3000/testimonials:0
[ 2458208ms] [INFO] %cDownload the React DevTools for a better development experience: https://react.dev/link/react-devtools font-weight:bold @ http://localhost:3000/_next/static/chunks/node_modules_next_dist_1ybzpk2._.js:2477
[ 2458270ms] [LOG] [HMR] connected @ http://localhost:3000/_next/static/chunks/node_modules_next_dist_1ybzpk2._.js:2477
[ 2458663ms] [LOG] [Fast Refresh] rebuilding @ http://localhost:3000/_next/static/chunks/node_modules_next_dist_1ybzpk2._.js:2477
[ 2458704ms] [ERROR] ./src/components/sections/tours.tsx:139:24
Expected '</', got 'jsx text'
  137 |                     </div>
  138 |                   </div>
> 139 |                 </Link>
      |                        ^^^^^^^^^^^^^^^^^^^^^^^^^^^^^^^^^^^^^^^^^^^^^^^^^^^^^^^^^^^^^^^^^^^^^
> 140 |               </div>
      | ^^^^^^^^^^^^^^
  141 |             ))}
  142 |           </div>
  143 |         </div>

Parsing ecmascript source code failed

Import trace:
  Server Component:
    ./src/components/sections/tours.tsx
    ./src/app/page.tsx @ http://localhost:3000/_next/static/chunks/node_modules_next_dist_1ybzpk2._.js:3318
[ 2458724ms] [ERROR] ./src/components/sections/tours.tsx:139:24
Expected '</', got 'jsx text'
  137 |                     </div>
  138 |                   </div>
> 139 |                 </Link>
      |                        ^^^^^^^^^^^^^^^^^^^^^^^^^^^^^^^^^^^^^^^^^^^^^^^^^^^^^^^^^^^^^^^^^^^^^
> 140 |               </div>
      | ^^^^^^^^^^^^^^
  141 |             ))}
  142 |           </div>
  143 |         </div>

Parsing ecmascript source code failed

Import trace:
  Server Component:
    ./src/components/sections/tours.tsx
    ./src/app/page.tsx @ http://localhost:3000/_next/static/chunks/node_modules_next_dist_1ybzpk2._.js:3318
[ 2458769ms] [ERROR] ./src/components/sections/tours.tsx:139:24
Expected '</', got 'jsx text'
  137 |                     </div>
  138 |                   </div>
> 139 |                 </Link>
      |                        ^^^^^^^^^^^^^^^^^^^^^^^^^^^^^^^^^^^^^^^^^^^^^^^^^^^^^^^^^^^^^^^^^^^^^
> 140 |               </div>
      | ^^^^^^^^^^^^^^
  141 |             ))}
  142 |           </div>
  143 |         </div>

Parsing ecmascript source code failed

Import trace:
  Server Component:
    ./src/components/sections/tours.tsx
    ./src/app/page.tsx @ http://localhost:3000/_next/static/chunks/node_modules_next_dist_1ybzpk2._.js:3318
[ 2458770ms] [ERROR] Failed to load resource: the server responded with a status of 500 (Internal Server Error) @ http://localhost:3000/testimonials?_rsc=znfyuTjL0n0OlFjg:0
[ 2458844ms] [ERROR] ./src/components/sections/tours.tsx:139:24
Expected '</', got 'jsx text'
  137 |                     </div>
  138 |                   </div>
> 139 |                 </Link>
      |                        ^^^^^^^^^^^^^^^^^^^^^^^^^^^^^^^^^^^^^^^^^^^^^^^^^^^^^^^^^^^^^^^^^^^^^
> 140 |               </div>
      | ^^^^^^^^^^^^^^
  141 |             ))}
  142 |           </div>
  143 |         </div>

Parsing ecmascript source code failed

Import trace:
  Server Component:
    ./src/components/sections/tours.tsx
    ./src/app/page.tsx @ http://localhost:3000/_next/static/chunks/node_modules_next_dist_1ybzpk2._.js:3318
[ 2458849ms] [ERROR] Failed to load resource: the server responded with a status of 500 (Internal Server Error) @ http://localhost:3000/testimonials?_rsc=znfyuTjL0n0OlFjg:0
[ 2458932ms] [ERROR] Failed to load resource: the server responded with a status of 500 (Internal Server Error) @ http://localhost:3000/testimonials:0
[ 2459064ms] [INFO] %cDownload the React DevTools for a better development experience: https://react.dev/link/react-devtools font-weight:bold @ http://localhost:3000/_next/static/chunks/node_modules_react-dom_0kla17-._.js:15305
[ 2459111ms] Error: ./src/components/sections/tours.tsx:139:24
Expected '</', got 'jsx text'
  137 |                     </div>
  138 |                   </div>
> 139 |                 </Link>
      |                        ^^^^^^^^^^^^^^^^^^^^^^^^^^^^^^^^^^^^^^^^^^^^^^^^^^^^^^^^^^^^^^^^^^^^^
> 140 |               </div>
      | ^^^^^^^^^^^^^^
  141 |             ))}
  142 |           </div>
  143 |         </div>

Parsing ecmascript source code failed

Import trace:
  Server Component:
    ./src/components/sections/tours.tsx
    ./src/app/page.tsx


    at <unknown> (Error: ./src/components/sections/tours.tsx:139:24)
    at Object.getCompilationErrors (file://D:\Work\Professional\Desenvolvimento\Páginas Web\travelagency\node_modules\next\dist\server\dev\hot-reloader-turbopack.js:1186:59)
    at DevBundlerService.getCompilationError (file://D:\Work\Professional\Desenvolvimento\Páginas Web\travelagency\node_modules\next\dist\server\lib\dev-bundler-service.js:44:55)
    at DevServer.getCompilationError (file://D:\Work\Professional\Desenvolvimento\Páginas Web\travelagency\node_modules\next\dist\server\dev\next-dev-server.js:720:42)
    at DevServer.findPageComponents (file://D:\Work\Professional\Desenvolvimento\Páginas Web\travelagency\node_modules\next\dist\server\dev\next-dev-server.js:690:43)
    at async DevServer.renderErrorToResponseImpl (file://D:\Work\Professional\Desenvolvimento\Páginas Web\travelagency\node_modules\next\dist\server\base-server.js:1694:30)
[ 2459104ms] [LOG] [HMR] connected @ http://localhost:3000/_next/static/chunks/node_modules_next_dist_1gdrd03._.js:1226
[ 2459106ms] [ERROR] ./src/components/sections/tours.tsx:139:24
Expected '</', got 'jsx text'
  137 |                     </div>
  138 |                   </div>
> 139 |                 </Link>
      |                        ^^^^^^^^^^^^^^^^^^^^^^^^^^^^^^^^^^^^^^^^^^^^^^^^^^^^^^^^^^^^^^^^^^^^^
> 140 |               </div>
      | ^^^^^^^^^^^^^^
  141 |             ))}
  142 |           </div>
  143 |         </div>

Parsing ecmascript source code failed

Import trace:
  Server Component:
    ./src/components/sections/tours.tsx
    ./src/app/page.tsx @ http://localhost:3000/_next/static/chunks/node_modules_next_dist_1gdrd03._.js:1945
[ 2459210ms] [ERROR] ./src/components/sections/tours.tsx:139:24
Expected '</', got 'jsx text'
  137 |                     </div>
  138 |                   </div>
> 139 |                 </Link>
      |                        ^^^^^^^^^^^^^^^^^^^^^^^^^^^^^^^^^^^^^^^^^^^^^^^^^^^^^^^^^^^^^^^^^^^^^
> 140 |               </div>
      | ^^^^^^^^^^^^^^
  141 |             ))}
  142 |           </div>
  143 |         </div>

Parsing ecmascript source code failed

Import trace:
  Server Component:
    ./src/components/sections/tours.tsx
    ./src/app/page.tsx @ http://localhost:3000/_next/static/chunks/node_modules_next_dist_1gdrd03._.js:1945
[ 2459265ms] [ERROR] ./src/components/sections/tours.tsx:139:24
Expected '</', got 'jsx text'
  137 |                     </div>
  138 |                   </div>
> 139 |                 </Link>
      |                        ^^^^^^^^^^^^^^^^^^^^^^^^^^^^^^^^^^^^^^^^^^^^^^^^^^^^^^^^^^^^^^^^^^^^^
> 140 |               </div>
      | ^^^^^^^^^^^^^^
  141 |             ))}
  142 |           </div>
  143 |         </div>

Parsing ecmascript source code failed

Import trace:
  Server Component:
    ./src/components/sections/tours.tsx
    ./src/app/page.tsx @ http://localhost:3000/_next/static/chunks/node_modules_next_dist_1gdrd03._.js:1945
[ 2459306ms] [ERROR] ./src/components/sections/tours.tsx:139:24
Expected '</', got 'jsx text'
  137 |                     </div>
  138 |                   </div>
> 139 |                 </Link>
      |                        ^^^^^^^^^^^^^^^^^^^^^^^^^^^^^^^^^^^^^^^^^^^^^^^^^^^^^^^^^^^^^^^^^^^^^
> 140 |               </div>
      | ^^^^^^^^^^^^^^
  141 |             ))}
  142 |           </div>
  143 |         </div>

Parsing ecmascript source code failed

Import trace:
  Server Component:
    ./src/components/sections/tours.tsx
    ./src/app/page.tsx @ http://localhost:3000/_next/static/chunks/node_modules_next_dist_1gdrd03._.js:1945
[ 2459355ms] [ERROR] ./src/components/sections/tours.tsx:139:24
Expected '</', got 'jsx text'
  137 |                     </div>
  138 |                   </div>
> 139 |                 </Link>
      |                        ^^^^^^^^^^^^^^^^^^^^^^^^^^^^^^^^^^^^^^^^^^^^^^^^^^^^^^^^^^^^^^^^^^^^^
> 140 |               </div>
      | ^^^^^^^^^^^^^^
  141 |             ))}
  142 |           </div>
  143 |         </div>

Parsing ecmascript source code failed

Import trace:
  Server Component:
    ./src/components/sections/tours.tsx
    ./src/app/page.tsx @ http://localhost:3000/_next/static/chunks/node_modules_next_dist_1gdrd03._.js:1945
[ 2459398ms] [ERROR] ./src/components/sections/tours.tsx:139:24
Expected '</', got 'jsx text'
  137 |                     </div>
  138 |                   </div>
> 139 |                 </Link>
      |                        ^^^^^^^^^^^^^^^^^^^^^^^^^^^^^^^^^^^^^^^^^^^^^^^^^^^^^^^^^^^^^^^^^^^^^
> 140 |               </div>
      | ^^^^^^^^^^^^^^
  141 |             ))}
  142 |           </div>
  143 |         </div>

Parsing ecmascript source code failed

Import trace:
  Server Component:
    ./src/components/sections/tours.tsx
    ./src/app/page.tsx @ http://localhost:3000/_next/static/chunks/node_modules_next_dist_1gdrd03._.js:1945
[ 2459440ms] [ERROR] ./src/components/sections/tours.tsx:139:24
Expected '</', got 'jsx text'
  137 |                     </div>
  138 |                   </div>
> 139 |                 </Link>
      |                        ^^^^^^^^^^^^^^^^^^^^^^^^^^^^^^^^^^^^^^^^^^^^^^^^^^^^^^^^^^^^^^^^^^^^^
> 140 |               </div>
      | ^^^^^^^^^^^^^^
  141 |             ))}
  142 |           </div>
  143 |         </div>

Parsing ecmascript source code failed

Import trace:
  Server Component:
    ./src/components/sections/tours.tsx
    ./src/app/page.tsx @ http://localhost:3000/_next/static/chunks/node_modules_next_dist_1gdrd03._.js:1945
[ 2459481ms] [ERROR] ./src/components/sections/tours.tsx:139:24
Expected '</', got 'jsx text'
  137 |                     </div>
  138 |                   </div>
> 139 |                 </Link>
      |                        ^^^^^^^^^^^^^^^^^^^^^^^^^^^^^^^^^^^^^^^^^^^^^^^^^^^^^^^^^^^^^^^^^^^^^
> 140 |               </div>
      | ^^^^^^^^^^^^^^
  141 |             ))}
  142 |           </div>
  143 |         </div>

Parsing ecmascript source code failed

Import trace:
  Server Component:
    ./src/components/sections/tours.tsx
    ./src/app/page.tsx @ http://localhost:3000/_next/static/chunks/node_modules_next_dist_1gdrd03._.js:1945
[ 2459521ms] [ERROR] ./src/components/sections/tours.tsx:139:24
Expected '</', got 'jsx text'
  137 |                     </div>
  138 |                   </div>
> 139 |                 </Link>
      |                        ^^^^^^^^^^^^^^^^^^^^^^^^^^^^^^^^^^^^^^^^^^^^^^^^^^^^^^^^^^^^^^^^^^^^^
> 140 |               </div>
      | ^^^^^^^^^^^^^^
  141 |             ))}
  142 |           </div>
  143 |         </div>

Parsing ecmascript source code failed

Import trace:
  Server Component:
    ./src/components/sections/tours.tsx
    ./src/app/page.tsx @ http://localhost:3000/_next/static/chunks/node_modules_next_dist_1gdrd03._.js:1945
[ 2459559ms] [ERROR] ./src/components/sections/tours.tsx:139:24
Expected '</', got 'jsx text'
  137 |                     </div>
  138 |                   </div>
> 139 |                 </Link>
      |                        ^^^^^^^^^^^^^^^^^^^^^^^^^^^^^^^^^^^^^^^^^^^^^^^^^^^^^^^^^^^^^^^^^^^^^
> 140 |               </div>
      | ^^^^^^^^^^^^^^
  141 |             ))}
  142 |           </div>
  143 |         </div>

Parsing ecmascript source code failed

Import trace:
  Server Component:
    ./src/components/sections/tours.tsx
    ./src/app/page.tsx @ http://localhost:3000/_next/static/chunks/node_modules_next_dist_1gdrd03._.js:1945
[ 2459604ms] [ERROR] ./src/components/sections/tours.tsx:139:24
Expected '</', got 'jsx text'
  137 |                     </div>
  138 |                   </div>
> 139 |                 </Link>
      |                        ^^^^^^^^^^^^^^^^^^^^^^^^^^^^^^^^^^^^^^^^^^^^^^^^^^^^^^^^^^^^^^^^^^^^^
> 140 |               </div>
      | ^^^^^^^^^^^^^^
  141 |             ))}
  142 |           </div>
  143 |         </div>

Parsing ecmascript source code failed

Import trace:
  Server Component:
    ./src/components/sections/tours.tsx
    ./src/app/page.tsx @ http://localhost:3000/_next/static/chunks/node_modules_next_dist_1gdrd03._.js:1945
[ 2459768ms] [LOG] [Fast Refresh] rebuilding @ http://localhost:3000/_next/static/chunks/node_modules_next_dist_1gdrd03._.js:1226
[ 2459882ms] [LOG] [Fast Refresh] done in 269ms @ http://localhost:3000/_next/static/chunks/node_modules_next_dist_1gdrd03._.js:1226
[ 2460122ms] [LOG] [Fast Refresh] rebuilding @ http://localhost:3000/_next/static/chunks/node_modules_next_dist_1gdrd03._.js:1226
[ 2460380ms] [LOG] [Fast Refresh] done in 359ms @ http://localhost:3000/_next/static/chunks/node_modules_next_dist_1gdrd03._.js:1226
[ 2460480ms] [ERROR] Failed to load resource: the server responded with a status of 404 (Not Found) @ http://localhost:3000/testimonials:0
[ 2460573ms] [INFO] %cDownload the React DevTools for a better development experience: https://react.dev/link/react-devtools font-weight:bold @ http://localhost:3000/_next/static/chunks/node_modules_next_dist_1ybzpk2._.js:2477
[ 2460648ms] [LOG] [HMR] connected @ http://localhost:3000/_next/static/chunks/node_modules_next_dist_1ybzpk2._.js:2477
[ 2464750ms] [LOG] [Fast Refresh] rebuilding @ http://localhost:3000/_next/static/chunks/node_modules_next_dist_1ybzpk2._.js:2477
[ 2464766ms] [ERROR] ./src/components/sections/blog.tsx:66:9
Expected '</', got ')'
  64 |             </div>
  65 |           </Link>
> 66 |         ))}
     |         ^
  67 |       </div>
  68 |     </div>
  69 |   );

Parsing ecmascript source code failed

Import trace:
  Server Component:
    ./src/components/sections/blog.tsx
    ./src/app/page.tsx @ http://localhost:3000/_next/static/chunks/node_modules_next_dist_1ybzpk2._.js:3318
[ 2464848ms] [ERROR] ./src/components/sections/blog.tsx:66:9
Expected '</', got ')'
  64 |             </div>
  65 |           </Link>
> 66 |         ))}
     |         ^
  67 |       </div>
  68 |     </div>
  69 |   );

Parsing ecmascript source code failed

Import trace:
  Server Component:
    ./src/components/sections/blog.tsx
    ./src/app/page.tsx @ http://localhost:3000/_next/static/chunks/node_modules_next_dist_1ybzpk2._.js:3318
[ 2464849ms] [ERROR] Failed to load resource: the server responded with a status of 500 (Internal Server Error) @ http://localhost:3000/testimonials?_rsc=znfyuTjL0n0OlFjg:0
[ 2464916ms] [ERROR] Failed to load resource: the server responded with a status of 500 (Internal Server Error) @ http://localhost:3000/testimonials:0
[ 2465037ms] [INFO] %cDownload the React DevTools for a better development experience: https://react.dev/link/react-devtools font-weight:bold @ http://localhost:3000/_next/static/chunks/node_modules_react-dom_0kla17-._.js:15305
[ 2465064ms] Error: ./src/components/sections/blog.tsx:66:9
Expected '</', got ')'
  64 |             </div>
  65 |           </Link>
> 66 |         ))}
     |         ^
  67 |       </div>
  68 |     </div>
  69 |   );

Parsing ecmascript source code failed

Import trace:
  Server Component:
    ./src/components/sections/blog.tsx
    ./src/app/page.tsx


    at <unknown> (Error: ./src/components/sections/blog.tsx:66:9)
    at Object.getCompilationErrors (file://D:\Work\Professional\Desenvolvimento\Páginas Web\travelagency\node_modules\next\dist\server\dev\hot-reloader-turbopack.js:1186:59)
    at DevBundlerService.getCompilationError (file://D:\Work\Professional\Desenvolvimento\Páginas Web\travelagency\node_modules\next\dist\server\lib\dev-bundler-service.js:44:55)
    at DevServer.getCompilationError (file://D:\Work\Professional\Desenvolvimento\Páginas Web\travelagency\node_modules\next\dist\server\dev\next-dev-server.js:720:42)
    at DevServer.findPageComponents (file://D:\Work\Professional\Desenvolvimento\Páginas Web\travelagency\node_modules\next\dist\server\dev\next-dev-server.js:690:43)
    at async DevServer.renderErrorToResponseImpl (file://D:\Work\Professional\Desenvolvimento\Páginas Web\travelagency\node_modules\next\dist\server\base-server.js:1694:30)
[ 2465081ms] [LOG] [HMR] connected @ http://localhost:3000/_next/static/chunks/node_modules_next_dist_1gdrd03._.js:1226
[ 2465142ms] [ERROR] ./src/components/sections/blog.tsx:66:9
Expected '</', got ')'
  64 |             </div>
  65 |           </Link>
> 66 |         ))}
     |         ^
  67 |       </div>
  68 |     </div>
  69 |   );

Parsing ecmascript source code failed

Import trace:
  Server Component:
    ./src/components/sections/blog.tsx
    ./src/app/page.tsx @ http://localhost:3000/_next/static/chunks/node_modules_next_dist_1gdrd03._.js:1945
[ 2465156ms] [ERROR] ./src/components/sections/blog.tsx:66:9
Expected '</', got ')'
  64 |             </div>
  65 |           </Link>
> 66 |         ))}
     |         ^
  67 |       </div>
  68 |     </div>
  69 |   );

Parsing ecmascript source code failed

Import trace:
  Server Component:
    ./src/components/sections/blog.tsx
    ./src/app/page.tsx @ http://localhost:3000/_next/static/chunks/node_modules_next_dist_1gdrd03._.js:1945
[ 2465160ms] [ERROR] ./src/components/sections/blog.tsx:66:9
Expected '</', got ')'
  64 |             </div>
  65 |           </Link>
> 66 |         ))}
     |         ^
  67 |       </div>
  68 |     </div>
  69 |   );

Parsing ecmascript source code failed

Import trace:
  Server Component:
    ./src/components/sections/blog.tsx
    ./src/app/page.tsx @ http://localhost:3000/_next/static/chunks/node_modules_next_dist_1gdrd03._.js:1945
[ 2465222ms] [ERROR] ./src/components/sections/blog.tsx:66:9
Expected '</', got ')'
  64 |             </div>
  65 |           </Link>
> 66 |         ))}
     |         ^
  67 |       </div>
  68 |     </div>
  69 |   );

Parsing ecmascript source code failed

Import trace:
  Server Component:
    ./src/components/sections/blog.tsx
    ./src/app/page.tsx @ http://localhost:3000/_next/static/chunks/node_modules_next_dist_1gdrd03._.js:1945
[ 2465274ms] [ERROR] ./src/components/sections/blog.tsx:66:9
Expected '</', got ')'
  64 |             </div>
  65 |           </Link>
> 66 |         ))}
     |         ^
  67 |       </div>
  68 |     </div>
  69 |   );

Parsing ecmascript source code failed

Import trace:
  Server Component:
    ./src/components/sections/blog.tsx
    ./src/app/page.tsx @ http://localhost:3000/_next/static/chunks/node_modules_next_dist_1gdrd03._.js:1945
[ 2465318ms] [ERROR] ./src/components/sections/blog.tsx:66:9
Expected '</', got ')'
  64 |             </div>
  65 |           </Link>
> 66 |         ))}
     |         ^
  67 |       </div>
  68 |     </div>
  69 |   );

Parsing ecmascript source code failed

Import trace:
  Server Component:
    ./src/components/sections/blog.tsx
    ./src/app/page.tsx @ http://localhost:3000/_next/static/chunks/node_modules_next_dist_1gdrd03._.js:1945
[ 2465360ms] [ERROR] ./src/components/sections/blog.tsx:66:9
Expected '</', got ')'
  64 |             </div>
  65 |           </Link>
> 66 |         ))}
     |         ^
  67 |       </div>
  68 |     </div>
  69 |   );

Parsing ecmascript source code failed

Import trace:
  Server Component:
    ./src/components/sections/blog.tsx
    ./src/app/page.tsx @ http://localhost:3000/_next/static/chunks/node_modules_next_dist_1gdrd03._.js:1945
[ 2465402ms] [ERROR] ./src/components/sections/blog.tsx:66:9
Expected '</', got ')'
  64 |             </div>
  65 |           </Link>
> 66 |         ))}
     |         ^
  67 |       </div>
  68 |     </div>
  69 |   );

Parsing ecmascript source code failed

Import trace:
  Server Component:
    ./src/components/sections/blog.tsx
    ./src/app/page.tsx @ http://localhost:3000/_next/static/chunks/node_modules_next_dist_1gdrd03._.js:1945
[ 2465441ms] [ERROR] ./src/components/sections/blog.tsx:66:9
Expected '</', got ')'
  64 |             </div>
  65 |           </Link>
> 66 |         ))}
     |         ^
  67 |       </div>
  68 |     </div>
  69 |   );

Parsing ecmascript source code failed

Import trace:
  Server Component:
    ./src/components/sections/blog.tsx
    ./src/app/page.tsx @ http://localhost:3000/_next/static/chunks/node_modules_next_dist_1gdrd03._.js:1945
[ 2465482ms] [ERROR] ./src/components/sections/blog.tsx:66:9
Expected '</', got ')'
  64 |             </div>
  65 |           </Link>
> 66 |         ))}
     |         ^
  67 |       </div>
  68 |     </div>
  69 |   );

Parsing ecmascript source code failed

Import trace:
  Server Component:
    ./src/components/sections/blog.tsx
    ./src/app/page.tsx @ http://localhost:3000/_next/static/chunks/node_modules_next_dist_1gdrd03._.js:1945
[ 2465525ms] [ERROR] ./src/components/sections/blog.tsx:66:9
Expected '</', got ')'
  64 |             </div>
  65 |           </Link>
> 66 |         ))}
     |         ^
  67 |       </div>
  68 |     </div>
  69 |   );

Parsing ecmascript source code failed

Import trace:
  Server Component:
    ./src/components/sections/blog.tsx
    ./src/app/page.tsx @ http://localhost:3000/_next/static/chunks/node_modules_next_dist_1gdrd03._.js:1945
[ 2465568ms] [ERROR] ./src/components/sections/blog.tsx:66:9
Expected '</', got ')'
  64 |             </div>
  65 |           </Link>
> 66 |         ))}
     |         ^
  67 |       </div>
  68 |     </div>
  69 |   );

Parsing ecmascript source code failed

Import trace:
  Server Component:
    ./src/components/sections/blog.tsx
    ./src/app/page.tsx @ http://localhost:3000/_next/static/chunks/node_modules_next_dist_1gdrd03._.js:1945
[ 2465607ms] [ERROR] ./src/components/sections/blog.tsx:66:9
Expected '</', got ')'
  64 |             </div>
  65 |           </Link>
> 66 |         ))}
     |         ^
  67 |       </div>
  68 |     </div>
  69 |   );

Parsing ecmascript source code failed

Import trace:
  Server Component:
    ./src/components/sections/blog.tsx
    ./src/app/page.tsx @ http://localhost:3000/_next/static/chunks/node_modules_next_dist_1gdrd03._.js:1945
[ 2465657ms] [ERROR] ./src/components/sections/blog.tsx:66:9
Expected '</', got ')'
  64 |             </div>
  65 |           </Link>
> 66 |         ))}
     |         ^
  67 |       </div>
  68 |     </div>
  69 |   );

Parsing ecmascript source code failed

Import trace:
  Server Component:
    ./src/components/sections/blog.tsx
    ./src/app/page.tsx @ http://localhost:3000/_next/static/chunks/node_modules_next_dist_1gdrd03._.js:1945
[ 2465713ms] [ERROR] ./src/components/sections/blog.tsx:66:9
Expected '</', got ')'
  64 |             </div>
  65 |           </Link>
> 66 |         ))}
     |         ^
  67 |       </div>
  68 |     </div>
  69 |   );

Parsing ecmascript source code failed

Import trace:
  Server Component:
    ./src/components/sections/blog.tsx
    ./src/app/page.tsx @ http://localhost:3000/_next/static/chunks/node_modules_next_dist_1gdrd03._.js:1945
[ 2465775ms] [ERROR] ./src/components/sections/blog.tsx:66:9
Expected '</', got ')'
  64 |             </div>
  65 |           </Link>
> 66 |         ))}
     |         ^
  67 |       </div>
  68 |     </div>
  69 |   );

Parsing ecmascript source code failed

Import trace:
  Server Component:
    ./src/components/sections/blog.tsx
    ./src/app/page.tsx @ http://localhost:3000/_next/static/chunks/node_modules_next_dist_1gdrd03._.js:1945
[ 2465882ms] [LOG] [Fast Refresh] rebuilding @ http://localhost:3000/_next/static/chunks/node_modules_next_dist_1gdrd03._.js:1226
[ 2465896ms] [LOG] [Fast Refresh] done in 112ms @ http://localhost:3000/_next/static/chunks/node_modules_next_dist_1gdrd03._.js:1226
[ 2466070ms] [LOG] [Fast Refresh] rebuilding @ http://localhost:3000/_next/static/chunks/node_modules_next_dist_1gdrd03._.js:1226
[ 2466339ms] [LOG] [Fast Refresh] done in 369ms @ http://localhost:3000/_next/static/chunks/node_modules_next_dist_1gdrd03._.js:1226
[ 2466442ms] [LOG] [Fast Refresh] rebuilding @ http://localhost:3000/_next/static/chunks/node_modules_next_dist_1gdrd03._.js:1226
[ 2466448ms] [LOG] [Fast Refresh] done in 107ms @ http://localhost:3000/_next/static/chunks/node_modules_next_dist_1gdrd03._.js:1226
[ 2466458ms] [ERROR] Failed to load resource: the server responded with a status of 404 (Not Found) @ http://localhost:3000/testimonials:0
[ 2466581ms] [INFO] %cDownload the React DevTools for a better development experience: https://react.dev/link/react-devtools font-weight:bold @ http://localhost:3000/_next/static/chunks/node_modules_next_dist_1ybzpk2._.js:2477
[ 2466666ms] [LOG] [HMR] connected @ http://localhost:3000/_next/static/chunks/node_modules_next_dist_1ybzpk2._.js:2477
[ 2478858ms] [LOG] [Fast Refresh] rebuilding @ http://localhost:3000/_next/static/chunks/node_modules_next_dist_1ybzpk2._.js:2477
[ 2479020ms] [ERROR] Failed to load resource: the server responded with a status of 404 (Not Found) @ http://localhost:3000/testimonials?_rsc=znfyuTjL0n0OlFjg:0
[ 2479028ms] [LOG] [Fast Refresh] done in 59ms @ http://localhost:3000/_next/static/chunks/node_modules_next_dist_1ybzpk2._.js:2477
[ 2479131ms] [LOG] [Fast Refresh] rebuilding @ http://localhost:3000/_next/static/chunks/node_modules_next_dist_1ybzpk2._.js:2477
[ 2479143ms] [ERROR] Failed to load resource: the server responded with a status of 404 (Not Found) @ http://localhost:3000/testimonials?_rsc=znfyuTjL0n0OlFjg:0
[ 2479153ms] [LOG] [Fast Refresh] done in 124ms @ http://localhost:3000/_next/static/chunks/node_modules_next_dist_1ybzpk2._.js:2477
[ 2479256ms] [LOG] [Fast Refresh] rebuilding @ http://localhost:3000/_next/static/chunks/node_modules_next_dist_1ybzpk2._.js:2477
[ 2479261ms] [LOG] [Fast Refresh] done in 106ms @ http://localhost:3000/_next/static/chunks/node_modules_next_dist_1ybzpk2._.js:2477
[ 2479319ms] [ERROR] Failed to load resource: the server responded with a status of 404 (Not Found) @ http://localhost:3000/testimonials:0
[ 2479635ms] [INFO] %cDownload the React DevTools for a better development experience: https://react.dev/link/react-devtools font-weight:bold @ http://localhost:3000/_next/static/chunks/node_modules_next_dist_1ybzpk2._.js:2477
[ 2479695ms] [LOG] [HMR] connected @ http://localhost:3000/_next/static/chunks/node_modules_next_dist_1ybzpk2._.js:2477
[ 2480141ms] [LOG] [Fast Refresh] rebuilding @ http://localhost:3000/_next/static/chunks/node_modules_next_dist_1ybzpk2._.js:2477
[ 2480203ms] [LOG] [Fast Refresh] done in 147ms @ http://localhost:3000/_next/static/chunks/node_modules_next_dist_1ybzpk2._.js:2477
[ 2480307ms] [LOG] [Fast Refresh] rebuilding @ http://localhost:3000/_next/static/chunks/node_modules_next_dist_1ybzpk2._.js:2477
[ 2480512ms] [ERROR] Failed to load resource: the server responded with a status of 404 (Not Found) @ http://localhost:3000/testimonials?_rsc=znfyuTjL0n0OlFjg:0
[ 2480556ms] [LOG] [Fast Refresh] done in 350ms @ http://localhost:3000/_next/static/chunks/node_modules_next_dist_1ybzpk2._.js:2477
[ 2480698ms] [LOG] [Fast Refresh] rebuilding @ http://localhost:3000/_next/static/chunks/node_modules_next_dist_1ybzpk2._.js:2477
[ 2480704ms] [LOG] [Fast Refresh] done in 112ms @ http://localhost:3000/_next/static/chunks/node_modules_next_dist_1ybzpk2._.js:2477
[ 2480807ms] [LOG] [Fast Refresh] rebuilding @ http://localhost:3000/_next/static/chunks/node_modules_next_dist_1ybzpk2._.js:2477
[ 2480973ms] [LOG] [Fast Refresh] done in 266ms @ http://localhost:3000/_next/static/chunks/node_modules_next_dist_1ybzpk2._.js:2477
[ 2481028ms] [ERROR] Failed to load resource: the server responded with a status of 404 (Not Found) @ http://localhost:3000/testimonials:0
[ 2481391ms] [INFO] %cDownload the React DevTools for a better development experience: https://react.dev/link/react-devtools font-weight:bold @ http://localhost:3000/_next/static/chunks/node_modules_next_dist_1ybzpk2._.js:2477
[ 2481478ms] [LOG] [HMR] connected @ http://localhost:3000/_next/static/chunks/node_modules_next_dist_1ybzpk2._.js:2477
[ 2632412ms] [LOG] [Fast Refresh] rebuilding @ http://localhost:3000/_next/static/chunks/node_modules_next_dist_1ybzpk2._.js:2477
[ 2632464ms] [LOG] [Fast Refresh] done in 154ms @ http://localhost:3000/_next/static/chunks/node_modules_next_dist_1ybzpk2._.js:2477
[ 2663085ms] [LOG] [Fast Refresh] rebuilding @ http://localhost:3000/_next/static/chunks/node_modules_next_dist_1ybzpk2._.js:2477
[ 2665563ms] [LOG] [Fast Refresh] done in 2580ms @ http://localhost:3000/_next/static/chunks/node_modules_next_dist_1ybzpk2._.js:2477
[ 3241293ms] [LOG] [Fast Refresh] rebuilding @ http://localhost:3000/_next/static/chunks/node_modules_next_dist_1ybzpk2._.js:2477
[ 3241381ms] [LOG] [Fast Refresh] done in 146ms @ http://localhost:3000/_next/static/chunks/node_modules_next_dist_1ybzpk2._.js:2477
[ 3250503ms] [LOG] [Fast Refresh] rebuilding @ http://localhost:3000/_next/static/chunks/node_modules_next_dist_1ybzpk2._.js:2477
[ 3250548ms] [LOG] [Fast Refresh] done in 121ms @ http://localhost:3000/_next/static/chunks/node_modules_next_dist_1ybzpk2._.js:2477
[ 3271126ms] [LOG] [Fast Refresh] rebuilding @ http://localhost:3000/_next/static/chunks/node_modules_next_dist_1ybzpk2._.js:2477
[ 3271183ms] [LOG] [Fast Refresh] done in 130ms @ http://localhost:3000/_next/static/chunks/node_modules_next_dist_1ybzpk2._.js:2477
[ 3292920ms] [LOG] [Fast Refresh] rebuilding @ http://localhost:3000/_next/static/chunks/node_modules_next_dist_1ybzpk2._.js:2477
[ 3313130ms] [LOG] [Fast Refresh] done in 20283ms @ http://localhost:3000/_next/static/chunks/node_modules_next_dist_1ybzpk2._.js:2477
[ 3317084ms] [LOG] [Fast Refresh] rebuilding @ http://localhost:3000/_next/static/chunks/node_modules_next_dist_1ybzpk2._.js:2477
[ 3317124ms] [LOG] [Fast Refresh] done in 112ms @ http://localhost:3000/_next/static/chunks/node_modules_next_dist_1ybzpk2._.js:2477
[ 3351307ms] [LOG] [Fast Refresh] rebuilding @ http://localhost:3000/_next/static/chunks/node_modules_next_dist_1ybzpk2._.js:2477
[ 3351376ms] [LOG] [Fast Refresh] done in 142ms @ http://localhost:3000/_next/static/chunks/node_modules_next_dist_1ybzpk2._.js:2477
[ 3378235ms] [LOG] [Fast Refresh] rebuilding @ http://localhost:3000/_next/static/chunks/node_modules_next_dist_1ybzpk2._.js:2477
[ 3378278ms] [LOG] [Fast Refresh] done in 108ms @ http://localhost:3000/_next/static/chunks/node_modules_next_dist_1ybzpk2._.js:2477
[ 3416195ms] [LOG] [Fast Refresh] rebuilding @ http://localhost:3000/_next/static/chunks/node_modules_next_dist_1ybzpk2._.js:2477
[ 3416395ms] [LOG] [Fast Refresh] done in 297ms @ http://localhost:3000/_next/static/chunks/node_modules_next_dist_1ybzpk2._.js:2477
[ 3416497ms] [LOG] [Fast Refresh] rebuilding @ http://localhost:3000/_next/static/chunks/node_modules_next_dist_1ybzpk2._.js:2477
[ 3416683ms] [LOG] [Fast Refresh] done in 286ms @ http://localhost:3000/_next/static/chunks/node_modules_next_dist_1ybzpk2._.js:2477
[ 3416790ms] [LOG] [Fast Refresh] rebuilding @ http://localhost:3000/_next/static/chunks/node_modules_next_dist_1ybzpk2._.js:2477
[ 3416835ms] [ERROR] Failed to load resource: the server responded with a status of 404 (Not Found) @ http://localhost:3000/testimonials?_rsc=znfyuTjL0n0OlFjg:0
[ 3416851ms] [LOG] [Fast Refresh] done in 162ms @ http://localhost:3000/_next/static/chunks/node_modules_next_dist_1ybzpk2._.js:2477
[ 3416956ms] [LOG] [Fast Refresh] rebuilding @ http://localhost:3000/_next/static/chunks/node_modules_next_dist_1ybzpk2._.js:2477
[ 3417121ms] [LOG] [Fast Refresh] done in 266ms @ http://localhost:3000/_next/static/chunks/node_modules_next_dist_1ybzpk2._.js:2477
[ 3417177ms] [ERROR] Failed to load resource: the server responded with a status of 404 (Not Found) @ http://localhost:3000/testimonials?_rsc=znfyuTjL0n0OlFjg:0
[ 3417364ms] [ERROR] Failed to load resource: the server responded with a status of 404 (Not Found) @ http://localhost:3000/testimonials:0
[ 3417562ms] [INFO] %cDownload the React DevTools for a better development experience: https://react.dev/link/react-devtools font-weight:bold @ http://localhost:3000/_next/static/chunks/node_modules_next_dist_1ybzpk2._.js:2477
[ 3417615ms] [LOG] [HMR] connected @ http://localhost:3000/_next/static/chunks/node_modules_next_dist_1ybzpk2._.js:2477
[ 3427123ms] [LOG] [Fast Refresh] rebuilding @ http://localhost:3000/_next/static/chunks/node_modules_next_dist_1ybzpk2._.js:2477
[ 3427205ms] [LOG] [Fast Refresh] done in 153ms @ http://localhost:3000/_next/static/chunks/node_modules_next_dist_1ybzpk2._.js:2477
[ 3427317ms] [LOG] [Fast Refresh] rebuilding @ http://localhost:3000/_next/static/chunks/node_modules_next_dist_1ybzpk2._.js:2477
[ 3427645ms] [LOG] [Fast Refresh] done in 438ms @ http://localhost:3000/_next/static/chunks/node_modules_next_dist_1ybzpk2._.js:2477
[ 3427767ms] [LOG] [Fast Refresh] rebuilding @ http://localhost:3000/_next/static/chunks/node_modules_next_dist_1ybzpk2._.js:2477
[ 3427912ms] [LOG] [Fast Refresh] done in 245ms @ http://localhost:3000/_next/static/chunks/node_modules_next_dist_1ybzpk2._.js:2477
[ 3427977ms] [ERROR] Failed to load resource: the server responded with a status of 404 (Not Found) @ http://localhost:3000/testimonials?_rsc=znfyuTjL0n0OlFjg:0
[ 3428090ms] [ERROR] Failed to load resource: the server responded with a status of 404 (Not Found) @ http://localhost:3000/testimonials?_rsc=znfyuTjL0n0OlFjg:0
[ 3428131ms] [LOG] [Fast Refresh] rebuilding @ http://localhost:3000/_next/static/chunks/node_modules_next_dist_1ybzpk2._.js:2477
[ 3428159ms] [LOG] [Fast Refresh] done in 129ms @ http://localhost:3000/_next/static/chunks/node_modules_next_dist_1ybzpk2._.js:2477
[ 3428263ms] [LOG] [Fast Refresh] rebuilding @ http://localhost:3000/_next/static/chunks/node_modules_next_dist_1ybzpk2._.js:2477
[ 3428300ms] [LOG] [Fast Refresh] done in 138ms @ http://localhost:3000/_next/static/chunks/node_modules_next_dist_1ybzpk2._.js:2477
[ 3428331ms] [ERROR] Failed to load resource: the server responded with a status of 404 (Not Found) @ http://localhost:3000/testimonials:0
[ 3428480ms] [INFO] %cDownload the React DevTools for a better development experience: https://react.dev/link/react-devtools font-weight:bold @ http://localhost:3000/_next/static/chunks/node_modules_next_dist_1ybzpk2._.js:2477
[ 3428547ms] [LOG] [HMR] connected @ http://localhost:3000/_next/static/chunks/node_modules_next_dist_1ybzpk2._.js:2477
[ 3437449ms] [LOG] [Fast Refresh] rebuilding @ http://localhost:3000/_next/static/chunks/node_modules_next_dist_1ybzpk2._.js:2477
[ 3437627ms] [WARNING] [HMR] Invalid message: {"isTrusted":true}
TypeError: Cannot convert undefined or null to object
    at Object.keys (<anonymous>)
    at extractModulesFromTurbopackMessage (http://localhost:3000/_next/static/chunks/node_modules_next_dist_client_0r5nbpw._.js:13754:39)
    at TurbopackHmr.onTurbopackMessage (http://localhost:3000/_next/static/chunks/node_modules_next_dist_client_0r5nbpw._.js:13701:32)
    at processMessage (http://localhost:3000/_next/static/chunks/node_modules_next_dist_client_0r5nbpw._.js:14059:30)
    at WebSocket.handleMessage (http://localhost:3000/_next/static/chunks/node_modules_next_dist_client_0r5nbpw._.js:13458:52) @ http://localhost:3000/_next/static/chunks/node_modules_next_dist_1ybzpk2._.js:2477
[ 3437629ms] [LOG] [Fast Refresh] done in 224ms @ http://localhost:3000/_next/static/chunks/node_modules_next_dist_1ybzpk2._.js:2477
[ 3437732ms] [LOG] [Fast Refresh] rebuilding @ http://localhost:3000/_next/static/chunks/node_modules_next_dist_1ybzpk2._.js:2477
[ 3438327ms] [LOG] [Fast Refresh] done in 696ms @ http://localhost:3000/_next/static/chunks/node_modules_next_dist_1ybzpk2._.js:2477
[ 3438462ms] [LOG] [Fast Refresh] rebuilding @ http://localhost:3000/_next/static/chunks/node_modules_next_dist_1ybzpk2._.js:2477
[ 3438956ms] [ERROR] Failed to load resource: the server responded with a status of 404 (Not Found) @ http://localhost:3000/testimonials?_rsc=znfyuTjL0n0OlFjg:0
[ 3439003ms] [LOG] [Fast Refresh] done in 644ms @ http://localhost:3000/_next/static/chunks/node_modules_next_dist_1ybzpk2._.js:2477
[ 3439140ms] [LOG] [Fast Refresh] rebuilding @ http://localhost:3000/_next/static/chunks/node_modules_next_dist_1ybzpk2._.js:2477
[ 3440025ms] [LOG] [Fast Refresh] done in 985ms @ http://localhost:3000/_next/static/chunks/node_modules_next_dist_1ybzpk2._.js:2477
[ 3440112ms] [ERROR] Failed to load resource: the server responded with a status of 404 (Not Found) @ http://localhost:3000/testimonials?_rsc=znfyuTjL0n0OlFjg:0
[ 3440140ms] [LOG] [Fast Refresh] rebuilding @ http://localhost:3000/_next/static/chunks/node_modules_next_dist_1ybzpk2._.js:2477
[ 3440190ms] [LOG] [Fast Refresh] done in 151ms @ http://localhost:3000/_next/static/chunks/node_modules_next_dist_1ybzpk2._.js:2477
[ 3440356ms] [ERROR] Failed to load resource: the server responded with a status of 404 (Not Found) @ http://localhost:3000/testimonials:0
[ 3440636ms] [INFO] %cDownload the React DevTools for a better development experience: https://react.dev/link/react-devtools font-weight:bold @ http://localhost:3000/_next/static/chunks/node_modules_next_dist_1ybzpk2._.js:2477
[ 3440801ms] [LOG] [HMR] connected @ http://localhost:3000/_next/static/chunks/node_modules_next_dist_1ybzpk2._.js:2477
[ 3452017ms] [LOG] [Fast Refresh] rebuilding @ http://localhost:3000/_next/static/chunks/node_modules_next_dist_1ybzpk2._.js:2477
[ 3457138ms] [LOG] [Fast Refresh] done in 5108ms @ http://localhost:3000/_next/static/chunks/node_modules_next_dist_1ybzpk2._.js:2477
[ 3457848ms] [LOG] [Fast Refresh] rebuilding @ http://localhost:3000/_next/static/chunks/node_modules_next_dist_1ybzpk2._.js:2477
[ 3458301ms] [ERROR] Failed to load resource: the server responded with a status of 404 (Not Found) @ http://localhost:3000/testimonials?_rsc=znfyuTjL0n0OlFjg:0
[ 3458559ms] [LOG] [Fast Refresh] done in 844ms @ http://localhost:3000/_next/static/chunks/node_modules_next_dist_1ybzpk2._.js:2477
[ 3458945ms] [ERROR] Failed to load resource: the server responded with a status of 404 (Not Found) @ http://localhost:3000/testimonials?_rsc=znfyuTjL0n0OlFjg:0
[ 3459021ms] [LOG] [Fast Refresh] rebuilding @ http://localhost:3000/_next/static/chunks/node_modules_next_dist_1ybzpk2._.js:2477
[ 3459426ms] [LOG] [Fast Refresh] done in 506ms @ http://localhost:3000/_next/static/chunks/node_modules_next_dist_1ybzpk2._.js:2477
[ 3459518ms] [ERROR] Failed to load resource: the server responded with a status of 404 (Not Found) @ http://localhost:3000/testimonials:0
[ 3461754ms] [INFO] %cDownload the React DevTools for a better development experience: https://react.dev/link/react-devtools font-weight:bold @ http://localhost:3000/_next/static/chunks/node_modules_next_dist_1ybzpk2._.js:2477
[ 3461922ms] [LOG] [HMR] connected @ http://localhost:3000/_next/static/chunks/node_modules_next_dist_1ybzpk2._.js:2477
[ 3510680ms] [LOG] [Fast Refresh] rebuilding @ http://localhost:3000/_next/static/chunks/node_modules_next_dist_1ybzpk2._.js:2477
[ 3510745ms] [LOG] [Fast Refresh] done in 166ms @ http://localhost:3000/_next/static/chunks/node_modules_next_dist_1ybzpk2._.js:2477
[ 3510853ms] [LOG] [Fast Refresh] rebuilding @ http://localhost:3000/_next/static/chunks/node_modules_next_dist_1ybzpk2._.js:2477
[ 3511903ms] [LOG] [Fast Refresh] done in 1151ms @ http://localhost:3000/_next/static/chunks/node_modules_next_dist_1ybzpk2._.js:2477
[ 3512020ms] [LOG] [Fast Refresh] rebuilding @ http://localhost:3000/_next/static/chunks/node_modules_next_dist_1ybzpk2._.js:2477
[ 3512042ms] [ERROR] Failed to load resource: the server responded with a status of 404 (Not Found) @ http://localhost:3000/testimonials?_rsc=znfyuTjL0n0OlFjg:0
[ 3512080ms] [LOG] [Fast Refresh] done in 162ms @ http://localhost:3000/_next/static/chunks/node_modules_next_dist_1ybzpk2._.js:2477
[ 3512206ms] [LOG] [Fast Refresh] rebuilding @ http://localhost:3000/_next/static/chunks/node_modules_next_dist_1ybzpk2._.js:2477
[ 3512427ms] [LOG] [Fast Refresh] done in 323ms @ http://localhost:3000/_next/static/chunks/node_modules_next_dist_1ybzpk2._.js:2477
[ 3512452ms] [ERROR] Failed to load resource: the server responded with a status of 404 (Not Found) @ http://localhost:3000/testimonials:0
[ 3516257ms] [INFO] %cDownload the React DevTools for a better development experience: https://react.dev/link/react-devtools font-weight:bold @ http://localhost:3000/_next/static/chunks/node_modules_next_dist_1ybzpk2._.js:2477
[ 3516509ms] [LOG] [HMR] connected @ http://localhost:3000/_next/static/chunks/node_modules_next_dist_1ybzpk2._.js:2477
[ 3839140ms] [LOG] [Fast Refresh] rebuilding @ http://localhost:3000/_next/static/chunks/node_modules_next_dist_1ybzpk2._.js:2477
[ 3841387ms] [LOG] [Fast Refresh] done in 2348ms @ http://localhost:3000/_next/static/chunks/node_modules_next_dist_1ybzpk2._.js:2477
[ 3867701ms] [LOG] [Fast Refresh] rebuilding @ http://localhost:3000/_next/static/chunks/node_modules_next_dist_1ybzpk2._.js:2477
[ 3867753ms] [LOG] [Fast Refresh] done in 152ms @ http://localhost:3000/_next/static/chunks/node_modules_next_dist_1ybzpk2._.js:2477
[ 3868961ms] [LOG] [Fast Refresh] rebuilding @ http://localhost:3000/_next/static/chunks/node_modules_next_dist_1ybzpk2._.js:2477
[ 3869080ms] [LOG] [Fast Refresh] done in 221ms @ http://localhost:3000/_next/static/chunks/node_modules_next_dist_1ybzpk2._.js:2477
[ 4270313ms] [LOG] [Fast Refresh] rebuilding @ http://localhost:3000/_next/static/chunks/node_modules_next_dist_1ybzpk2._.js:2477
[ 4270516ms] [LOG] [Fast Refresh] done in 304ms @ http://localhost:3000/_next/static/chunks/node_modules_next_dist_1ybzpk2._.js:2477
[ 4522980ms] [LOG] [Fast Refresh] rebuilding @ http://localhost:3000/_next/static/chunks/node_modules_next_dist_1ybzpk2._.js:2477
[ 4523419ms] [ERROR] Failed to load resource: the server responded with a status of 404 (Not Found) @ http://localhost:3000/testimonials?_rsc=znfyuTjL0n0OlFjg:0
[ 4523424ms] [LOG] [Fast Refresh] done in 117ms @ http://localhost:3000/_next/static/chunks/node_modules_next_dist_1ybzpk2._.js:2477
[ 4523527ms] [LOG] [Fast Refresh] rebuilding @ http://localhost:3000/_next/static/chunks/node_modules_next_dist_1ybzpk2._.js:2477
[ 4523560ms] [LOG] [Fast Refresh] done in 135ms @ http://localhost:3000/_next/static/chunks/node_modules_next_dist_1ybzpk2._.js:2477
[ 4523587ms] [ERROR] Failed to load resource: the server responded with a status of 404 (Not Found) @ http://localhost:3000/testimonials:0
[ 4523675ms] [INFO] %cDownload the React DevTools for a better development experience: https://react.dev/link/react-devtools font-weight:bold @ http://localhost:3000/_next/static/chunks/node_modules_next_dist_1ybzpk2._.js:2477
[ 4523697ms] [LOG] [HMR] connected @ http://localhost:3000/_next/static/chunks/node_modules_next_dist_1ybzpk2._.js:2477
[ 4536818ms] [LOG] [Fast Refresh] rebuilding @ http://localhost:3000/_next/static/chunks/node_modules_next_dist_1ybzpk2._.js:2477
[ 4537211ms] [LOG] [Fast Refresh] done in 120ms @ http://localhost:3000/_next/static/chunks/node_modules_next_dist_1ybzpk2._.js:2477
[ 4537261ms] [ERROR] Failed to load resource: the server responded with a status of 404 (Not Found) @ http://localhost:3000/testimonials?_rsc=znfyuTjL0n0OlFjg:0
[ 4537322ms] [LOG] [Fast Refresh] rebuilding @ http://localhost:3000/_next/static/chunks/node_modules_next_dist_1ybzpk2._.js:2477
[ 4537340ms] [LOG] [Fast Refresh] done in 120ms @ http://localhost:3000/_next/static/chunks/node_modules_next_dist_1ybzpk2._.js:2477
[ 4537458ms] [ERROR] Failed to load resource: the server responded with a status of 404 (Not Found) @ http://localhost:3000/testimonials:0
[ 4537510ms] [INFO] %cDownload the React DevTools for a better development experience: https://react.dev/link/react-devtools font-weight:bold @ http://localhost:3000/_next/static/chunks/node_modules_next_dist_1ybzpk2._.js:2477
[ 4537541ms] [LOG] [HMR] connected @ http://localhost:3000/_next/static/chunks/node_modules_next_dist_1ybzpk2._.js:2477
[ 4541245ms] [LOG] [Fast Refresh] rebuilding @ http://localhost:3000/_next/static/chunks/node_modules_next_dist_1ybzpk2._.js:2477
[ 4541276ms] [LOG] [Fast Refresh] done in 122ms @ http://localhost:3000/_next/static/chunks/node_modules_next_dist_1ybzpk2._.js:2477
[ 4541377ms] [LOG] [Fast Refresh] rebuilding @ http://localhost:3000/_next/static/chunks/node_modules_next_dist_1ybzpk2._.js:2477
[ 4541904ms] [LOG] [Fast Refresh] done in 627ms @ http://localhost:3000/_next/static/chunks/node_modules_next_dist_1ybzpk2._.js:2477
[ 4542013ms] [LOG] [Fast Refresh] rebuilding @ http://localhost:3000/_next/static/chunks/node_modules_next_dist_1ybzpk2._.js:2477
[ 4542296ms] [LOG] [Fast Refresh] done in 383ms @ http://localhost:3000/_next/static/chunks/node_modules_next_dist_1ybzpk2._.js:2477
[ 4542333ms] [ERROR] Failed to load resource: the server responded with a status of 404 (Not Found) @ http://localhost:3000/testimonials?_rsc=znfyuTjL0n0OlFjg:0
[ 4542389ms] [ERROR] Failed to load resource: the server responded with a status of 404 (Not Found) @ http://localhost:3000/testimonials?_rsc=znfyuTjL0n0OlFjg:0
[ 4542499ms] [LOG] [Fast Refresh] rebuilding @ http://localhost:3000/_next/static/chunks/node_modules_next_dist_1ybzpk2._.js:2477
[ 4542513ms] [LOG] [Fast Refresh] done in 115ms @ http://localhost:3000/_next/static/chunks/node_modules_next_dist_1ybzpk2._.js:2477
[ 4542531ms] [ERROR] Failed to load resource: the server responded with a status of 404 (Not Found) @ http://localhost:3000/testimonials:0
[ 4542585ms] [INFO] %cDownload the React DevTools for a better development experience: https://react.dev/link/react-devtools font-weight:bold @ http://localhost:3000/_next/static/chunks/node_modules_next_dist_1ybzpk2._.js:2477
[ 4542631ms] [LOG] [HMR] connected @ http://localhost:3000/_next/static/chunks/node_modules_next_dist_1ybzpk2._.js:2477
[ 4543527ms] [LOG] [Fast Refresh] rebuilding @ http://localhost:3000/_next/static/chunks/node_modules_next_dist_1ybzpk2._.js:2477
[ 4543583ms] [ERROR] Failed to load resource: the server responded with a status of 404 (Not Found) @ http://localhost:3000/testimonials?_rsc=znfyuTjL0n0OlFjg:0
[ 4544640ms] [WARNING] [HMR] Invalid message: {"isTrusted":true}
TypeError: Cannot convert undefined or null to object
    at Object.keys (<anonymous>)
    at extractModulesFromTurbopackMessage (http://localhost:3000/_next/static/chunks/node_modules_next_dist_client_0r5nbpw._.js:13754:39)
    at TurbopackHmr.onTurbopackMessage (http://localhost:3000/_next/static/chunks/node_modules_next_dist_client_0r5nbpw._.js:13701:32)
    at processMessage (http://localhost:3000/_next/static/chunks/node_modules_next_dist_client_0r5nbpw._.js:14059:30)
    at WebSocket.handleMessage (http://localhost:3000/_next/static/chunks/node_modules_next_dist_client_0r5nbpw._.js:13458:52) @ http://localhost:3000/_next/static/chunks/node_modules_next_dist_1ybzpk2._.js:2477
[ 4544641ms] [LOG] [Fast Refresh] done in 1174ms @ http://localhost:3000/_next/static/chunks/node_modules_next_dist_1ybzpk2._.js:2477
[ 4545293ms] [ERROR] Failed to load resource: the server responded with a status of 404 (Not Found) @ http://localhost:3000/testimonials?_rsc=znfyuTjL0n0OlFjg:0
[ 4545610ms] [LOG] [Fast Refresh] rebuilding @ http://localhost:3000/_next/static/chunks/node_modules_next_dist_1ybzpk2._.js:2477
[ 4546020ms] [LOG] [Fast Refresh] done in 511ms @ http://localhost:3000/_next/static/chunks/node_modules_next_dist_1ybzpk2._.js:2477
[ 4546036ms] [ERROR] Failed to load resource: the server responded with a status of 404 (Not Found) @ http://localhost:3000/testimonials:0
[ 4546350ms] [INFO] %cDownload the React DevTools for a better development experience: https://react.dev/link/react-devtools font-weight:bold @ http://localhost:3000/_next/static/chunks/node_modules_next_dist_1ybzpk2._.js:2477
[ 4546386ms] [LOG] [HMR] connected @ http://localhost:3000/_next/static/chunks/node_modules_next_dist_1ybzpk2._.js:2477
[ 4567479ms] [LOG] [Fast Refresh] rebuilding @ http://localhost:3000/_next/static/chunks/node_modules_next_dist_1ybzpk2._.js:2477
[ 4567741ms] [LOG] [Fast Refresh] done in 63ms @ http://localhost:3000/_next/static/chunks/node_modules_next_dist_1ybzpk2._.js:2477
[ 4567850ms] [LOG] [Fast Refresh] rebuilding @ http://localhost:3000/_next/static/chunks/node_modules_next_dist_1ybzpk2._.js:2477
[ 4567967ms] [LOG] [Fast Refresh] done in 217ms @ http://localhost:3000/_next/static/chunks/node_modules_next_dist_1ybzpk2._.js:2477
[ 4567997ms] [ERROR] Failed to load resource: the server responded with a status of 404 (Not Found) @ http://localhost:3000/testimonials?_rsc=znfyuTjL0n0OlFjg:0
[ 4568056ms] [ERROR] Failed to load resource: the server responded with a status of 404 (Not Found) @ http://localhost:3000/testimonials?_rsc=znfyuTjL0n0OlFjg:0
[ 4568164ms] [ERROR] Failed to load resource: the server responded with a status of 404 (Not Found) @ http://localhost:3000/testimonials:0
[ 4568272ms] [INFO] %cDownload the React DevTools for a better development experience: https://react.dev/link/react-devtools font-weight:bold @ http://localhost:3000/_next/static/chunks/node_modules_next_dist_1ybzpk2._.js:2477
[ 4568316ms] [LOG] [HMR] connected @ http://localhost:3000/_next/static/chunks/node_modules_next_dist_1ybzpk2._.js:2477
[ 4572023ms] [LOG] [Fast Refresh] rebuilding @ http://localhost:3000/_next/static/chunks/node_modules_next_dist_1ybzpk2._.js:2477
[ 4572411ms] [LOG] [Fast Refresh] done in 750ms @ http://localhost:3000/_next/static/chunks/node_modules_next_dist_1ybzpk2._.js:2477
[ 4572637ms] [LOG] [Fast Refresh] rebuilding @ http://localhost:3000/_next/static/chunks/node_modules_next_dist_1ybzpk2._.js:2477
[ 4574166ms] [LOG] [Fast Refresh] done in 1630ms @ http://localhost:3000/_next/static/chunks/node_modules_next_dist_1ybzpk2._.js:2477
[ 4574341ms] [LOG] [Fast Refresh] rebuilding @ http://localhost:3000/_next/static/chunks/node_modules_next_dist_1ybzpk2._.js:2477
[ 4574464ms] [LOG] [Fast Refresh] done in 231ms @ http://localhost:3000/_next/static/chunks/node_modules_next_dist_1ybzpk2._.js:2477
[ 4575243ms] [ERROR] Failed to load resource: the server responded with a status of 404 (Not Found) @ http://localhost:3000/testimonials?_rsc=znfyuTjL0n0OlFjg:0
[ 4575428ms] [LOG] [Fast Refresh] rebuilding @ http://localhost:3000/_next/static/chunks/node_modules_next_dist_1ybzpk2._.js:2477
[ 4575430ms] [LOG] [Fast Refresh] done in 187ms @ http://localhost:3000/_next/static/chunks/node_modules_next_dist_1ybzpk2._.js:2477
[ 4575432ms] [ERROR] Failed to load resource: the server responded with a status of 404 (Not Found) @ http://localhost:3000/testimonials?_rsc=znfyuTjL0n0OlFjg:0
[ 4575746ms] [ERROR] Failed to load resource: the server responded with a status of 404 (Not Found) @ http://localhost:3000/testimonials?_rsc=znfyuTjL0n0OlFjg:0
[ 4575868ms] [ERROR] Failed to load resource: the server responded with a status of 404 (Not Found) @ http://localhost:3000/testimonials?_rsc=znfyuTjL0n0OlFjg:0
[ 4575886ms] [LOG] [Fast Refresh] rebuilding @ http://localhost:3000/_next/static/chunks/node_modules_next_dist_1ybzpk2._.js:2477
[ 4575937ms] [ERROR] Failed to load resource: the server responded with a status of 404 (Not Found) @ http://localhost:3000/testimonials?_rsc=znfyuTjL0n0OlFjg:0
[ 4575995ms] [ERROR] Failed to load resource: the server responded with a status of 404 (Not Found) @ http://localhost:3000/testimonials?_rsc=znfyuTjL0n0OlFjg:0
[ 4576306ms] [LOG] [Fast Refresh] done in 524ms @ http://localhost:3000/_next/static/chunks/node_modules_next_dist_1ybzpk2._.js:2477
[ 4576344ms] [ERROR] Failed to load resource: the server responded with a status of 404 (Not Found) @ http://localhost:3000/testimonials:0
[ 4578102ms] [INFO] %cDownload the React DevTools for a better development experience: https://react.dev/link/react-devtools font-weight:bold @ http://localhost:3000/_next/static/chunks/node_modules_next_dist_1ybzpk2._.js:2477
[ 4578940ms] [LOG] [HMR] connected @ http://localhost:3000/_next/static/chunks/node_modules_next_dist_1ybzpk2._.js:2477
[ 4579214ms] [LOG] [Fast Refresh] rebuilding @ http://localhost:3000/_next/static/chunks/node_modules_next_dist_1ybzpk2._.js:2477
[ 4579371ms] [LOG] [Fast Refresh] done in 258ms @ http://localhost:3000/_next/static/chunks/node_modules_next_dist_1ybzpk2._.js:2477
[ 4579549ms] [LOG] [Fast Refresh] rebuilding @ http://localhost:3000/_next/static/chunks/node_modules_next_dist_1ybzpk2._.js:2477
[ 4579773ms] [LOG] [Fast Refresh] done in 325ms @ http://localhost:3000/_next/static/chunks/node_modules_next_dist_1ybzpk2._.js:2477
[ 4579916ms] [LOG] [Fast Refresh] rebuilding @ http://localhost:3000/_next/static/chunks/node_modules_next_dist_1ybzpk2._.js:2477
[ 4580190ms] [LOG] [Fast Refresh] done in 374ms @ http://localhost:3000/_next/static/chunks/node_modules_next_dist_1ybzpk2._.js:2477
[ 4580247ms] [LOG] [Fast Refresh] rebuilding @ http://localhost:3000/_next/static/chunks/node_modules_next_dist_1ybzpk2._.js:2477
[ 4580376ms] [LOG] [Fast Refresh] done in 138ms @ http://localhost:3000/_next/static/chunks/node_modules_next_dist_1ybzpk2._.js:2477
[ 4580478ms] [LOG] [Fast Refresh] rebuilding @ http://localhost:3000/_next/static/chunks/node_modules_next_dist_1ybzpk2._.js:2477
[ 4581649ms] [LOG] [Fast Refresh] done in 1266ms @ http://localhost:3000/_next/static/chunks/node_modules_next_dist_1ybzpk2._.js:2477
[ 4581844ms] [LOG] [Fast Refresh] rebuilding @ http://localhost:3000/_next/static/chunks/node_modules_next_dist_1ybzpk2._.js:2477
[ 4581961ms] [ERROR] Failed to load resource: the server responded with a status of 404 (Not Found) @ http://localhost:3000/testimonials?_rsc=znfyuTjL0n0OlFjg:0
[ 4582159ms] [LOG] [Fast Refresh] done in 417ms @ http://localhost:3000/_next/static/chunks/node_modules_next_dist_1ybzpk2._.js:2477
[ 4582283ms] [LOG] [Fast Refresh] rebuilding @ http://localhost:3000/_next/static/chunks/node_modules_next_dist_1ybzpk2._.js:2477
[ 4582389ms] [LOG] [Fast Refresh] done in 210ms @ http://localhost:3000/_next/static/chunks/node_modules_next_dist_1ybzpk2._.js:2477
[ 4582489ms] [ERROR] Failed to load resource: the server responded with a status of 404 (Not Found) @ http://localhost:3000/testimonials?_rsc=znfyuTjL0n0OlFjg:0
[ 4582496ms] [LOG] [Fast Refresh] rebuilding @ http://localhost:3000/_next/static/chunks/node_modules_next_dist_1ybzpk2._.js:2477
[ 4582688ms] [LOG] [Fast Refresh] done in 292ms @ http://localhost:3000/_next/static/chunks/node_modules_next_dist_1ybzpk2._.js:2477
[ 4582739ms] [ERROR] Failed to load resource: the server responded with a status of 404 (Not Found) @ http://localhost:3000/testimonials:0
[ 4583076ms] [INFO] %cDownload the React DevTools for a better development experience: https://react.dev/link/react-devtools font-weight:bold @ http://localhost:3000/_next/static/chunks/node_modules_next_dist_1ybzpk2._.js:2477
[ 4583211ms] [LOG] [HMR] connected @ http://localhost:3000/_next/static/chunks/node_modules_next_dist_1ybzpk2._.js:2477
[ 4583447ms] [LOG] [Fast Refresh] rebuilding @ http://localhost:3000/_next/static/chunks/node_modules_next_dist_1ybzpk2._.js:2477
[ 4583951ms] [LOG] [Fast Refresh] done in 605ms @ http://localhost:3000/_next/static/chunks/node_modules_next_dist_1ybzpk2._.js:2477
[ 4583952ms] [LOG] [Fast Refresh] rebuilding @ http://localhost:3000/_next/static/chunks/node_modules_next_dist_1ybzpk2._.js:2477
[ 4584149ms] [LOG] [Fast Refresh] done in 191ms @ http://localhost:3000/_next/static/chunks/node_modules_next_dist_1ybzpk2._.js:2477
[ 4584256ms] [LOG] [Fast Refresh] rebuilding @ http://localhost:3000/_next/static/chunks/node_modules_next_dist_1ybzpk2._.js:2477
[ 4584325ms] [LOG] [Fast Refresh] done in 159ms @ http://localhost:3000/_next/static/chunks/node_modules_next_dist_1ybzpk2._.js:2477
[ 4584980ms] [LOG] [Fast Refresh] rebuilding @ http://localhost:3000/_next/static/chunks/node_modules_next_dist_1ybzpk2._.js:2477
[ 4585193ms] [LOG] [Fast Refresh] done in 313ms @ http://localhost:3000/_next/static/chunks/node_modules_next_dist_1ybzpk2._.js:2477
[ 4585265ms] [ERROR] Failed to load resource: the server responded with a status of 404 (Not Found) @ http://localhost:3000/testimonials?_rsc=znfyuTjL0n0OlFjg:0
[ 4585382ms] [LOG] [Fast Refresh] rebuilding @ http://localhost:3000/_next/static/chunks/node_modules_next_dist_1ybzpk2._.js:2477
[ 4585417ms] [LOG] [Fast Refresh] done in 136ms @ http://localhost:3000/_next/static/chunks/node_modules_next_dist_1ybzpk2._.js:2477
[ 4585530ms] [LOG] [Fast Refresh] rebuilding @ http://localhost:3000/_next/static/chunks/node_modules_next_dist_1ybzpk2._.js:2477
[ 4585547ms] [LOG] [Fast Refresh] done in 117ms @ http://localhost:3000/_next/static/chunks/node_modules_next_dist_1ybzpk2._.js:2477
[ 4585606ms] [ERROR] Failed to load resource: the server responded with a status of 404 (Not Found) @ http://localhost:3000/testimonials?_rsc=znfyuTjL0n0OlFjg:0
[ 4585649ms] [LOG] [Fast Refresh] rebuilding @ http://localhost:3000/_next/static/chunks/node_modules_next_dist_1ybzpk2._.js:2477
[ 4585654ms] [LOG] [Fast Refresh] done in 106ms @ http://localhost:3000/_next/static/chunks/node_modules_next_dist_1ybzpk2._.js:2477
[ 4585827ms] [ERROR] Failed to load resource: the server responded with a status of 404 (Not Found) @ http://localhost:3000/testimonials:0
[ 4586057ms] [INFO] %cDownload the React DevTools for a better development experience: https://react.dev/link/react-devtools font-weight:bold @ http://localhost:3000/_next/static/chunks/node_modules_next_dist_1ybzpk2._.js:2477
[ 4586102ms] [LOG] [HMR] connected @ http://localhost:3000/_next/static/chunks/node_modules_next_dist_1ybzpk2._.js:2477
[ 4586245ms] [LOG] [Fast Refresh] rebuilding @ http://localhost:3000/_next/static/chunks/node_modules_next_dist_1ybzpk2._.js:2477
[ 4586256ms] [LOG] [Fast Refresh] done in 112ms @ http://localhost:3000/_next/static/chunks/node_modules_next_dist_1ybzpk2._.js:2477
[ 4586359ms] [LOG] [Fast Refresh] rebuilding @ http://localhost:3000/_next/static/chunks/node_modules_next_dist_1ybzpk2._.js:2477
[ 4586627ms] [LOG] [Fast Refresh] done in 369ms @ http://localhost:3000/_next/static/chunks/node_modules_next_dist_1ybzpk2._.js:2477
[ 4586745ms] [LOG] [Fast Refresh] rebuilding @ http://localhost:3000/_next/static/chunks/node_modules_next_dist_1ybzpk2._.js:2477
[ 4586897ms] [LOG] [Fast Refresh] done in 252ms @ http://localhost:3000/_next/static/chunks/node_modules_next_dist_1ybzpk2._.js:2477
[ 4586999ms] [LOG] [Fast Refresh] rebuilding @ http://localhost:3000/_next/static/chunks/node_modules_next_dist_1ybzpk2._.js:2477
[ 4587087ms] [LOG] [Fast Refresh] done in 189ms @ http://localhost:3000/_next/static/chunks/node_modules_next_dist_1ybzpk2._.js:2477
[ 4587194ms] [LOG] [Fast Refresh] rebuilding @ http://localhost:3000/_next/static/chunks/node_modules_next_dist_1ybzpk2._.js:2477
[ 4587341ms] [LOG] [Fast Refresh] done in 246ms @ http://localhost:3000/_next/static/chunks/node_modules_next_dist_1ybzpk2._.js:2477
[ 4587451ms] [LOG] [Fast Refresh] rebuilding @ http://localhost:3000/_next/static/chunks/node_modules_next_dist_1ybzpk2._.js:2477
[ 4587460ms] [LOG] [Fast Refresh] done in 109ms @ http://localhost:3000/_next/static/chunks/node_modules_next_dist_1ybzpk2._.js:2477
[ 4587564ms] [LOG] [Fast Refresh] rebuilding @ http://localhost:3000/_next/static/chunks/node_modules_next_dist_1ybzpk2._.js:2477
[ 4587584ms] [LOG] [Fast Refresh] done in 121ms @ http://localhost:3000/_next/static/chunks/node_modules_next_dist_1ybzpk2._.js:2477
[ 4587758ms] [LOG] [Fast Refresh] rebuilding @ http://localhost:3000/_next/static/chunks/node_modules_next_dist_1ybzpk2._.js:2477
[ 4587912ms] [LOG] [Fast Refresh] done in 255ms @ http://localhost:3000/_next/static/chunks/node_modules_next_dist_1ybzpk2._.js:2477
[ 4588347ms] [LOG] [Fast Refresh] rebuilding @ http://localhost:3000/_next/static/chunks/node_modules_next_dist_1ybzpk2._.js:2477
[ 4588362ms] [LOG] [Fast Refresh] done in 23ms @ http://localhost:3000/_next/static/chunks/node_modules_next_dist_1ybzpk2._.js:2477
[ 4588464ms] [LOG] [Fast Refresh] rebuilding @ http://localhost:3000/_next/static/chunks/node_modules_next_dist_1ybzpk2._.js:2477
[ 4588824ms] [LOG] [Fast Refresh] done in 460ms @ http://localhost:3000/_next/static/chunks/node_modules_next_dist_1ybzpk2._.js:2477
[ 4589242ms] [LOG] [Fast Refresh] rebuilding @ http://localhost:3000/_next/static/chunks/node_modules_next_dist_1ybzpk2._.js:2477
[ 4589329ms] [ERROR] Failed to load resource: the server responded with a status of 404 (Not Found) @ http://localhost:3000/testimonials?_rsc=znfyuTjL0n0OlFjg:0
[ 4589369ms] [LOG] [Fast Refresh] done in 228ms @ http://localhost:3000/_next/static/chunks/node_modules_next_dist_1ybzpk2._.js:2477
[ 4589473ms] [LOG] [Fast Refresh] rebuilding @ http://localhost:3000/_next/static/chunks/node_modules_next_dist_1ybzpk2._.js:2477
[ 4589513ms] [LOG] [Fast Refresh] done in 140ms @ http://localhost:3000/_next/static/chunks/node_modules_next_dist_1ybzpk2._.js:2477
[ 4589626ms] [LOG] [Fast Refresh] rebuilding @ http://localhost:3000/_next/static/chunks/node_modules_next_dist_1ybzpk2._.js:2477
[ 4589708ms] [LOG] [Fast Refresh] done in 182ms @ http://localhost:3000/_next/static/chunks/node_modules_next_dist_1ybzpk2._.js:2477
[ 4589771ms] [ERROR] Failed to load resource: the server responded with a status of 404 (Not Found) @ http://localhost:3000/testimonials?_rsc=znfyuTjL0n0OlFjg:0
[ 4589812ms] [LOG] [Fast Refresh] rebuilding @ http://localhost:3000/_next/static/chunks/node_modules_next_dist_1ybzpk2._.js:2477
[ 4589990ms] [LOG] [Fast Refresh] done in 278ms @ http://localhost:3000/_next/static/chunks/node_modules_next_dist_1ybzpk2._.js:2477
[ 4590096ms] [LOG] [Fast Refresh] rebuilding @ http://localhost:3000/_next/static/chunks/node_modules_next_dist_1ybzpk2._.js:2477
[ 4590192ms] [LOG] [Fast Refresh] done in 196ms @ http://localhost:3000/_next/static/chunks/node_modules_next_dist_1ybzpk2._.js:2477
[ 4590214ms] [ERROR] Failed to load resource: the server responded with a status of 404 (Not Found) @ http://localhost:3000/testimonials:0
[ 4590606ms] [INFO] %cDownload the React DevTools for a better development experience: https://react.dev/link/react-devtools font-weight:bold @ http://localhost:3000/_next/static/chunks/node_modules_next_dist_1ybzpk2._.js:2477
[ 4590742ms] [LOG] [HMR] connected @ http://localhost:3000/_next/static/chunks/node_modules_next_dist_1ybzpk2._.js:2477
[ 4590974ms] [LOG] [Fast Refresh] rebuilding @ http://localhost:3000/_next/static/chunks/node_modules_next_dist_1ybzpk2._.js:2477
[ 4591176ms] [LOG] [Fast Refresh] done in 330ms @ http://localhost:3000/_next/static/chunks/node_modules_next_dist_1ybzpk2._.js:2477
[ 4591279ms] [LOG] [Fast Refresh] rebuilding @ http://localhost:3000/_next/static/chunks/node_modules_next_dist_1ybzpk2._.js:2477
[ 4591578ms] [LOG] [Fast Refresh] done in 400ms @ http://localhost:3000/_next/static/chunks/node_modules_next_dist_1ybzpk2._.js:2477
[ 4592077ms] [LOG] [Fast Refresh] rebuilding @ http://localhost:3000/_next/static/chunks/node_modules_next_dist_1ybzpk2._.js:2477
[ 4592569ms] [LOG] [Fast Refresh] done in 592ms @ http://localhost:3000/_next/static/chunks/node_modules_next_dist_1ybzpk2._.js:2477
[ 4592682ms] [LOG] [Fast Refresh] rebuilding @ http://localhost:3000/_next/static/chunks/node_modules_next_dist_1ybzpk2._.js:2477
[ 4592828ms] [LOG] [Fast Refresh] done in 247ms @ http://localhost:3000/_next/static/chunks/node_modules_next_dist_1ybzpk2._.js:2477
[ 4592932ms] [LOG] [Fast Refresh] rebuilding @ http://localhost:3000/_next/static/chunks/node_modules_next_dist_1ybzpk2._.js:2477
[ 4593148ms] [LOG] [Fast Refresh] done in 317ms @ http://localhost:3000/_next/static/chunks/node_modules_next_dist_1ybzpk2._.js:2477
[ 4593262ms] [LOG] [Fast Refresh] rebuilding @ http://localhost:3000/_next/static/chunks/node_modules_next_dist_1ybzpk2._.js:2477
[ 4593322ms] [LOG] [Fast Refresh] done in 160ms @ http://localhost:3000/_next/static/chunks/node_modules_next_dist_1ybzpk2._.js:2477
[ 4593429ms] [LOG] [Fast Refresh] rebuilding @ http://localhost:3000/_next/static/chunks/node_modules_next_dist_1ybzpk2._.js:2477
[ 4593522ms] [LOG] [Fast Refresh] done in 194ms @ http://localhost:3000/_next/static/chunks/node_modules_next_dist_1ybzpk2._.js:2477
[ 4593726ms] [LOG] [Fast Refresh] rebuilding @ http://localhost:3000/_next/static/chunks/node_modules_next_dist_1ybzpk2._.js:2477
[ 4593749ms] [LOG] [Fast Refresh] done in 124ms @ http://localhost:3000/_next/static/chunks/node_modules_next_dist_1ybzpk2._.js:2477
[ 4593851ms] [LOG] [Fast Refresh] rebuilding @ http://localhost:3000/_next/static/chunks/node_modules_next_dist_1ybzpk2._.js:2477
[ 4594109ms] [LOG] [Fast Refresh] done in 359ms @ http://localhost:3000/_next/static/chunks/node_modules_next_dist_1ybzpk2._.js:2477
[ 4594228ms] [LOG] [Fast Refresh] rebuilding @ http://localhost:3000/_next/static/chunks/node_modules_next_dist_1ybzpk2._.js:2477
[ 4594609ms] [LOG] [Fast Refresh] done in 482ms @ http://localhost:3000/_next/static/chunks/node_modules_next_dist_1ybzpk2._.js:2477
[ 4594718ms] [LOG] [Fast Refresh] rebuilding @ http://localhost:3000/_next/static/chunks/node_modules_next_dist_1ybzpk2._.js:2477
[ 4594734ms] [LOG] [Fast Refresh] done in 116ms @ http://localhost:3000/_next/static/chunks/node_modules_next_dist_1ybzpk2._.js:2477
[ 4594836ms] [LOG] [Fast Refresh] rebuilding @ http://localhost:3000/_next/static/chunks/node_modules_next_dist_1ybzpk2._.js:2477
[ 4594902ms] [LOG] [Fast Refresh] done in 168ms @ http://localhost:3000/_next/static/chunks/node_modules_next_dist_1ybzpk2._.js:2477
[ 4595014ms] [LOG] [Fast Refresh] rebuilding @ http://localhost:3000/_next/static/chunks/node_modules_next_dist_1ybzpk2._.js:2477
[ 4595027ms] [LOG] [Fast Refresh] done in 115ms @ http://localhost:3000/_next/static/chunks/node_modules_next_dist_1ybzpk2._.js:2477
[ 4595275ms] [LOG] [Fast Refresh] rebuilding @ http://localhost:3000/_next/static/chunks/node_modules_next_dist_1ybzpk2._.js:2477
[ 4595298ms] [LOG] [Fast Refresh] done in 122ms @ http://localhost:3000/_next/static/chunks/node_modules_next_dist_1ybzpk2._.js:2477
[ 4595399ms] [LOG] [Fast Refresh] rebuilding @ http://localhost:3000/_next/static/chunks/node_modules_next_dist_1ybzpk2._.js:2477
[ 4595630ms] [LOG] [Fast Refresh] done in 332ms @ http://localhost:3000/_next/static/chunks/node_modules_next_dist_1ybzpk2._.js:2477
[ 4595745ms] [LOG] [Fast Refresh] rebuilding @ http://localhost:3000/_next/static/chunks/node_modules_next_dist_1ybzpk2._.js:2477
[ 4595974ms] [LOG] [Fast Refresh] done in 331ms @ http://localhost:3000/_next/static/chunks/node_modules_next_dist_1ybzpk2._.js:2477
[ 4596172ms] [LOG] [Fast Refresh] rebuilding @ http://localhost:3000/_next/static/chunks/node_modules_next_dist_1ybzpk2._.js:2477
[ 4596187ms] [LOG] [Fast Refresh] done in 116ms @ http://localhost:3000/_next/static/chunks/node_modules_next_dist_1ybzpk2._.js:2477
[ 4596289ms] [LOG] [Fast Refresh] rebuilding @ http://localhost:3000/_next/static/chunks/node_modules_next_dist_1ybzpk2._.js:2477
[ 4596329ms] [LOG] [Fast Refresh] done in 140ms @ http://localhost:3000/_next/static/chunks/node_modules_next_dist_1ybzpk2._.js:2477
[ 4596440ms] [LOG] [Fast Refresh] rebuilding @ http://localhost:3000/_next/static/chunks/node_modules_next_dist_1ybzpk2._.js:2477
[ 4596451ms] [LOG] [Fast Refresh] done in 110ms @ http://localhost:3000/_next/static/chunks/node_modules_next_dist_1ybzpk2._.js:2477
[ 4596554ms] [LOG] [Fast Refresh] rebuilding @ http://localhost:3000/_next/static/chunks/node_modules_next_dist_1ybzpk2._.js:2477
[ 4596568ms] [LOG] [Fast Refresh] done in 116ms @ http://localhost:3000/_next/static/chunks/node_modules_next_dist_1ybzpk2._.js:2477
[ 4596727ms] [LOG] [Fast Refresh] rebuilding @ http://localhost:3000/_next/static/chunks/node_modules_next_dist_1ybzpk2._.js:2477
[ 4596909ms] [LOG] [Fast Refresh] done in 282ms @ http://localhost:3000/_next/static/chunks/node_modules_next_dist_1ybzpk2._.js:2477
[ 4597329ms] [LOG] [Fast Refresh] rebuilding @ http://localhost:3000/_next/static/chunks/node_modules_next_dist_1ybzpk2._.js:2477
[ 4597667ms] [LOG] [Fast Refresh] done in 464ms @ http://localhost:3000/_next/static/chunks/node_modules_next_dist_1ybzpk2._.js:2477
[ 4597778ms] [LOG] [Fast Refresh] rebuilding @ http://localhost:3000/_next/static/chunks/node_modules_next_dist_1ybzpk2._.js:2477
[ 4597782ms] [LOG] [Fast Refresh] done in 106ms @ http://localhost:3000/_next/static/chunks/node_modules_next_dist_1ybzpk2._.js:2477
[ 4597884ms] [LOG] [Fast Refresh] rebuilding @ http://localhost:3000/_next/static/chunks/node_modules_next_dist_1ybzpk2._.js:2477
[ 4597940ms] [LOG] [Fast Refresh] done in 157ms @ http://localhost:3000/_next/static/chunks/node_modules_next_dist_1ybzpk2._.js:2477
[ 4598057ms] [LOG] [Fast Refresh] rebuilding @ http://localhost:3000/_next/static/chunks/node_modules_next_dist_1ybzpk2._.js:2477
[ 4598070ms] [LOG] [Fast Refresh] done in 113ms @ http://localhost:3000/_next/static/chunks/node_modules_next_dist_1ybzpk2._.js:2477
[ 4598322ms] [LOG] [Fast Refresh] rebuilding @ http://localhost:3000/_next/static/chunks/node_modules_next_dist_1ybzpk2._.js:2477
[ 4598446ms] [LOG] [Fast Refresh] done in 224ms @ http://localhost:3000/_next/static/chunks/node_modules_next_dist_1ybzpk2._.js:2477
[ 4598847ms] [LOG] [Fast Refresh] rebuilding @ http://localhost:3000/_next/static/chunks/node_modules_next_dist_1ybzpk2._.js:2477
[ 4598989ms] [LOG] [Fast Refresh] done in 243ms @ http://localhost:3000/_next/static/chunks/node_modules_next_dist_1ybzpk2._.js:2477
[ 4599368ms] [LOG] [Fast Refresh] rebuilding @ http://localhost:3000/_next/static/chunks/node_modules_next_dist_1ybzpk2._.js:2477
[ 4599404ms] [LOG] [Fast Refresh] done in 137ms @ http://localhost:3000/_next/static/chunks/node_modules_next_dist_1ybzpk2._.js:2477
[ 4599506ms] [LOG] [Fast Refresh] rebuilding @ http://localhost:3000/_next/static/chunks/node_modules_next_dist_1ybzpk2._.js:2477
[ 4599561ms] [LOG] [Fast Refresh] done in 155ms @ http://localhost:3000/_next/static/chunks/node_modules_next_dist_1ybzpk2._.js:2477
[ 4599674ms] [LOG] [Fast Refresh] rebuilding @ http://localhost:3000/_next/static/chunks/node_modules_next_dist_1ybzpk2._.js:2477
[ 4599708ms] [LOG] [Fast Refresh] done in 135ms @ http://localhost:3000/_next/static/chunks/node_modules_next_dist_1ybzpk2._.js:2477
[ 4599810ms] [LOG] [Fast Refresh] rebuilding @ http://localhost:3000/_next/static/chunks/node_modules_next_dist_1ybzpk2._.js:2477
[ 4599853ms] [LOG] [Fast Refresh] done in 143ms @ http://localhost:3000/_next/static/chunks/node_modules_next_dist_1ybzpk2._.js:2477
[ 4600009ms] [LOG] [Fast Refresh] rebuilding @ http://localhost:3000/_next/static/chunks/node_modules_next_dist_1ybzpk2._.js:2477
[ 4600220ms] [LOG] [Fast Refresh] done in 311ms @ http://localhost:3000/_next/static/chunks/node_modules_next_dist_1ybzpk2._.js:2477
[ 4600338ms] [LOG] [Fast Refresh] rebuilding @ http://localhost:3000/_next/static/chunks/node_modules_next_dist_1ybzpk2._.js:2477
[ 4600579ms] [LOG] [Fast Refresh] done in 344ms @ http://localhost:3000/_next/static/chunks/node_modules_next_dist_1ybzpk2._.js:2477
[ 4600773ms] [LOG] [Fast Refresh] rebuilding @ http://localhost:3000/_next/static/chunks/node_modules_next_dist_1ybzpk2._.js:2477
[ 4601234ms] [LOG] [Fast Refresh] done in 561ms @ http://localhost:3000/_next/static/chunks/node_modules_next_dist_1ybzpk2._.js:2477
[ 4601338ms] [LOG] [Fast Refresh] rebuilding @ http://localhost:3000/_next/static/chunks/node_modules_next_dist_1ybzpk2._.js:2477
[ 4601478ms] [LOG] [Fast Refresh] done in 240ms @ http://localhost:3000/_next/static/chunks/node_modules_next_dist_1ybzpk2._.js:2477
[ 4601586ms] [LOG] [Fast Refresh] rebuilding @ http://localhost:3000/_next/static/chunks/node_modules_next_dist_1ybzpk2._.js:2477
[ 4601698ms] [ERROR] Failed to load resource: the server responded with a status of 404 (Not Found) @ http://localhost:3000/testimonials?_rsc=znfyuTjL0n0OlFjg:0
[ 4601709ms] [LOG] [Fast Refresh] done in 223ms @ http://localhost:3000/_next/static/chunks/node_modules_next_dist_1ybzpk2._.js:2477
[ 4601812ms] [LOG] [Fast Refresh] rebuilding @ http://localhost:3000/_next/static/chunks/node_modules_next_dist_1ybzpk2._.js:2477
[ 4601883ms] [LOG] [Fast Refresh] done in 172ms @ http://localhost:3000/_next/static/chunks/node_modules_next_dist_1ybzpk2._.js:2477
[ 4601986ms] [LOG] [Fast Refresh] rebuilding @ http://localhost:3000/_next/static/chunks/node_modules_next_dist_1ybzpk2._.js:2477
[ 4602092ms] [ERROR] Failed to load resource: the server responded with a status of 404 (Not Found) @ http://localhost:3000/testimonials?_rsc=znfyuTjL0n0OlFjg:0
[ 4602103ms] [LOG] [Fast Refresh] done in 218ms @ http://localhost:3000/_next/static/chunks/node_modules_next_dist_1ybzpk2._.js:2477
[ 4602206ms] [LOG] [Fast Refresh] rebuilding @ http://localhost:3000/_next/static/chunks/node_modules_next_dist_1ybzpk2._.js:2477
[ 4602319ms] [LOG] [Fast Refresh] done in 212ms @ http://localhost:3000/_next/static/chunks/node_modules_next_dist_1ybzpk2._.js:2477
[ 4602338ms] [ERROR] Failed to load resource: the server responded with a status of 404 (Not Found) @ http://localhost:3000/testimonials:0
[ 4602532ms] [INFO] %cDownload the React DevTools for a better development experience: https://react.dev/link/react-devtools font-weight:bold @ http://localhost:3000/_next/static/chunks/node_modules_next_dist_1ybzpk2._.js:2477
[ 4602812ms] [LOG] [HMR] connected @ http://localhost:3000/_next/static/chunks/node_modules_next_dist_1ybzpk2._.js:2477
[ 4603564ms] [LOG] [Fast Refresh] rebuilding @ http://localhost:3000/_next/static/chunks/node_modules_next_dist_1ybzpk2._.js:2477
[ 4604242ms] [LOG] [Fast Refresh] done in 780ms @ http://localhost:3000/_next/static/chunks/node_modules_next_dist_1ybzpk2._.js:2477
[ 4604358ms] [LOG] [Fast Refresh] rebuilding @ http://localhost:3000/_next/static/chunks/node_modules_next_dist_1ybzpk2._.js:2477
[ 4604626ms] [LOG] [Fast Refresh] done in 369ms @ http://localhost:3000/_next/static/chunks/node_modules_next_dist_1ybzpk2._.js:2477
[ 4604713ms] [ERROR] Failed to load resource: the server responded with a status of 404 (Not Found) @ http://localhost:3000/testimonials?_rsc=znfyuTjL0n0OlFjg:0
[ 4604731ms] [LOG] [Fast Refresh] rebuilding @ http://localhost:3000/_next/static/chunks/node_modules_next_dist_1ybzpk2._.js:2477
[ 4604733ms] [LOG] [Fast Refresh] done in 103ms @ http://localhost:3000/_next/static/chunks/node_modules_next_dist_1ybzpk2._.js:2477
[ 4604837ms] [LOG] [Fast Refresh] rebuilding @ http://localhost:3000/_next/static/chunks/node_modules_next_dist_1ybzpk2._.js:2477
[ 4604953ms] [LOG] [Fast Refresh] done in 217ms @ http://localhost:3000/_next/static/chunks/node_modules_next_dist_1ybzpk2._.js:2477
[ 4605072ms] [ERROR] Failed to load resource: the server responded with a status of 404 (Not Found) @ http://localhost:3000/testimonials?_rsc=znfyuTjL0n0OlFjg:0
[ 4605083ms] [LOG] [Fast Refresh] rebuilding @ http://localhost:3000/_next/static/chunks/node_modules_next_dist_1ybzpk2._.js:2477
[ 4605327ms] [LOG] [Fast Refresh] done in 345ms @ http://localhost:3000/_next/static/chunks/node_modules_next_dist_1ybzpk2._.js:2477
[ 4605547ms] [LOG] [Fast Refresh] rebuilding @ http://localhost:3000/_next/static/chunks/node_modules_next_dist_1ybzpk2._.js:2477
[ 4605619ms] [LOG] [Fast Refresh] done in 173ms @ http://localhost:3000/_next/static/chunks/node_modules_next_dist_1ybzpk2._.js:2477
[ 4605632ms] [ERROR] Failed to load resource: the server responded with a status of 404 (Not Found) @ http://localhost:3000/testimonials:0
[ 4605775ms] [INFO] %cDownload the React DevTools for a better development experience: https://react.dev/link/react-devtools font-weight:bold @ http://localhost:3000/_next/static/chunks/node_modules_next_dist_1ybzpk2._.js:2477
[ 4605828ms] [LOG] [HMR] connected @ http://localhost:3000/_next/static/chunks/node_modules_next_dist_1ybzpk2._.js:2477
[ 4605970ms] [LOG] [Fast Refresh] rebuilding @ http://localhost:3000/_next/static/chunks/node_modules_next_dist_1ybzpk2._.js:2477
[ 4606153ms] [LOG] [Fast Refresh] done in 284ms @ http://localhost:3000/_next/static/chunks/node_modules_next_dist_1ybzpk2._.js:2477
[ 4606256ms] [LOG] [Fast Refresh] rebuilding @ http://localhost:3000/_next/static/chunks/node_modules_next_dist_1ybzpk2._.js:2477
[ 4606293ms] [LOG] [Fast Refresh] done in 137ms @ http://localhost:3000/_next/static/chunks/node_modules_next_dist_1ybzpk2._.js:2477
[ 4606398ms] [LOG] [Fast Refresh] rebuilding @ http://localhost:3000/_next/static/chunks/node_modules_next_dist_1ybzpk2._.js:2477
[ 4606470ms] [LOG] [Fast Refresh] done in 174ms @ http://localhost:3000/_next/static/chunks/node_modules_next_dist_1ybzpk2._.js:2477
[ 4606588ms] [LOG] [Fast Refresh] rebuilding @ http://localhost:3000/_next/static/chunks/node_modules_next_dist_1ybzpk2._.js:2477
[ 4606958ms] [LOG] [Fast Refresh] done in 470ms @ http://localhost:3000/_next/static/chunks/node_modules_next_dist_1ybzpk2._.js:2477
[ 4607071ms] [LOG] [Fast Refresh] rebuilding @ http://localhost:3000/_next/static/chunks/node_modules_next_dist_1ybzpk2._.js:2477
[ 4607523ms] [LOG] [Fast Refresh] done in 554ms @ http://localhost:3000/_next/static/chunks/node_modules_next_dist_1ybzpk2._.js:2477
[ 4607938ms] [LOG] [Fast Refresh] rebuilding @ http://localhost:3000/_next/static/chunks/node_modules_next_dist_1ybzpk2._.js:2477
[ 4608234ms] [LOG] [Fast Refresh] done in 401ms @ http://localhost:3000/_next/static/chunks/node_modules_next_dist_1ybzpk2._.js:2477
[ 4608514ms] [LOG] [Fast Refresh] rebuilding @ http://localhost:3000/_next/static/chunks/node_modules_next_dist_1ybzpk2._.js:2477
[ 4608887ms] [LOG] [Fast Refresh] done in 473ms @ http://localhost:3000/_next/static/chunks/node_modules_next_dist_1ybzpk2._.js:2477
[ 4609006ms] [LOG] [Fast Refresh] rebuilding @ http://localhost:3000/_next/static/chunks/node_modules_next_dist_1ybzpk2._.js:2477
[ 4609113ms] [LOG] [Fast Refresh] done in 208ms @ http://localhost:3000/_next/static/chunks/node_modules_next_dist_1ybzpk2._.js:2477
[ 4609218ms] [LOG] [Fast Refresh] rebuilding @ http://localhost:3000/_next/static/chunks/node_modules_next_dist_1ybzpk2._.js:2477
[ 4609334ms] [LOG] [Fast Refresh] done in 218ms @ http://localhost:3000/_next/static/chunks/node_modules_next_dist_1ybzpk2._.js:2477
[ 4609459ms] [LOG] [Fast Refresh] rebuilding @ http://localhost:3000/_next/static/chunks/node_modules_next_dist_1ybzpk2._.js:2477
[ 4609876ms] [LOG] [Fast Refresh] done in 517ms @ http://localhost:3000/_next/static/chunks/node_modules_next_dist_1ybzpk2._.js:2477
[ 4609993ms] [LOG] [Fast Refresh] rebuilding @ http://localhost:3000/_next/static/chunks/node_modules_next_dist_1ybzpk2._.js:2477
[ 4610244ms] [LOG] [Fast Refresh] done in 360ms @ http://localhost:3000/_next/static/chunks/node_modules_next_dist_1ybzpk2._.js:2477
[ 4610355ms] [LOG] [Fast Refresh] rebuilding @ http://localhost:3000/_next/static/chunks/node_modules_next_dist_1ybzpk2._.js:2477
[ 4610454ms] [LOG] [Fast Refresh] done in 200ms @ http://localhost:3000/_next/static/chunks/node_modules_next_dist_1ybzpk2._.js:2477
[ 4610583ms] [LOG] [Fast Refresh] rebuilding @ http://localhost:3000/_next/static/chunks/node_modules_next_dist_1ybzpk2._.js:2477
[ 4610778ms] [LOG] [Fast Refresh] done in 296ms @ http://localhost:3000/_next/static/chunks/node_modules_next_dist_1ybzpk2._.js:2477
[ 4611599ms] [LOG] [Fast Refresh] rebuilding @ http://localhost:3000/_next/static/chunks/node_modules_next_dist_1ybzpk2._.js:2477
[ 4611931ms] [LOG] [Fast Refresh] done in 438ms @ http://localhost:3000/_next/static/chunks/node_modules_next_dist_1ybzpk2._.js:2477
[ 4612068ms] [LOG] [Fast Refresh] rebuilding @ http://localhost:3000/_next/static/chunks/node_modules_next_dist_1ybzpk2._.js:2477
[ 4612383ms] [LOG] [Fast Refresh] done in 411ms @ http://localhost:3000/_next/static/chunks/node_modules_next_dist_1ybzpk2._.js:2477
[ 4612819ms] [LOG] [Fast Refresh] rebuilding @ http://localhost:3000/_next/static/chunks/node_modules_next_dist_1ybzpk2._.js:2477
[ 4612861ms] [LOG] [Fast Refresh] done in 150ms @ http://localhost:3000/_next/static/chunks/node_modules_next_dist_1ybzpk2._.js:2477
[ 4942885ms] [LOG] [Fast Refresh] rebuilding @ http://localhost:3000/_next/static/chunks/node_modules_next_dist_1ybzpk2._.js:2477
[ 4943942ms] [LOG] [Fast Refresh] done in 1147ms @ http://localhost:3000/_next/static/chunks/node_modules_next_dist_1ybzpk2._.js:2477
[ 4944060ms] [LOG] [Fast Refresh] rebuilding @ http://localhost:3000/_next/static/chunks/node_modules_next_dist_1ybzpk2._.js:2477
[ 4944162ms] [ERROR] Failed to load resource: the server responded with a status of 404 (Not Found) @ http://localhost:3000/testimonials?_rsc=znfyuTjL0n0OlFjg:0
[ 4944863ms] [ERROR] Failed to load resource: the server responded with a status of 404 (Not Found) @ http://localhost:3000/testimonials:0
[ 4945298ms] [INFO] %cDownload the React DevTools for a better development experience: https://react.dev/link/react-devtools font-weight:bold @ http://localhost:3000/_next/static/chunks/node_modules_next_dist_1ybzpk2._.js:2477
[ 4945587ms] [LOG] [HMR] connected @ http://localhost:3000/_next/static/chunks/node_modules_next_dist_1ybzpk2._.js:2477
[ 4983217ms] [LOG] [Fast Refresh] rebuilding @ http://localhost:3000/_next/static/chunks/node_modules_next_dist_1ybzpk2._.js:2477
[ 4983241ms] [LOG] [Fast Refresh] done in 117ms @ http://localhost:3000/_next/static/chunks/node_modules_next_dist_1ybzpk2._.js:2477
[ 4983343ms] [LOG] [Fast Refresh] rebuilding @ http://localhost:3000/_next/static/chunks/node_modules_next_dist_1ybzpk2._.js:2477
[ 4983371ms] [LOG] [Fast Refresh] done in 130ms @ http://localhost:3000/_next/static/chunks/node_modules_next_dist_1ybzpk2._.js:2477
[ 4983483ms] [ERROR] Failed to load resource: the server responded with a status of 404 (Not Found) @ http://localhost:3000/testimonials?_rsc=znfyuTjL0n0OlFjg:0
[ 4983609ms] [LOG] [Fast Refresh] rebuilding @ http://localhost:3000/_next/static/chunks/node_modules_next_dist_1ybzpk2._.js:2477
[ 4983706ms] [LOG] [Fast Refresh] done in 197ms @ http://localhost:3000/_next/static/chunks/node_modules_next_dist_1ybzpk2._.js:2477
[ 4983722ms] [ERROR] Failed to load resource: the server responded with a status of 404 (Not Found) @ http://localhost:3000/testimonials:0
[ 4983800ms] [INFO] %cDownload the React DevTools for a better development experience: https://react.dev/link/react-devtools font-weight:bold @ http://localhost:3000/_next/static/chunks/node_modules_next_dist_1ybzpk2._.js:2477
[ 4983827ms] [LOG] [HMR] connected @ http://localhost:3000/_next/static/chunks/node_modules_next_dist_1ybzpk2._.js:2477
[ 5136722ms] [LOG] [Fast Refresh] rebuilding @ http://localhost:3000/_next/static/chunks/node_modules_next_dist_1ybzpk2._.js:2477
[ 5136772ms] [LOG] [Fast Refresh] done in 148ms @ http://localhost:3000/_next/static/chunks/node_modules_next_dist_1ybzpk2._.js:2477
[ 5136874ms] [LOG] [Fast Refresh] rebuilding @ http://localhost:3000/_next/static/chunks/node_modules_next_dist_1ybzpk2._.js:2477
[ 5136977ms] [LOG] [Fast Refresh] done in 203ms @ http://localhost:3000/_next/static/chunks/node_modules_next_dist_1ybzpk2._.js:2477
[ 5137022ms] [ERROR] Failed to load resource: the server responded with a status of 404 (Not Found) @ http://localhost:3000/testimonials?_rsc=znfyuTjL0n0OlFjg:0
[ 5137125ms] [ERROR] Failed to load resource: the server responded with a status of 404 (Not Found) @ http://localhost:3000/testimonials:0
[ 5137201ms] [INFO] %cDownload the React DevTools for a better development experience: https://react.dev/link/react-devtools font-weight:bold @ http://localhost:3000/_next/static/chunks/node_modules_next_dist_1ybzpk2._.js:2477
[ 5137241ms] [LOG] [HMR] connected @ http://localhost:3000/_next/static/chunks/node_modules_next_dist_1ybzpk2._.js:2477
[ 5142629ms] [LOG] [Fast Refresh] rebuilding @ http://localhost:3000/_next/static/chunks/node_modules_next_dist_1ybzpk2._.js:2477
[ 5142680ms] [LOG] [Fast Refresh] done in 199ms @ http://localhost:3000/_next/static/chunks/node_modules_next_dist_1ybzpk2._.js:2477
[ 5142781ms] [LOG] [Fast Refresh] rebuilding @ http://localhost:3000/_next/static/chunks/node_modules_next_dist_1ybzpk2._.js:2477
[ 5142942ms] [LOG] [Fast Refresh] done in 261ms @ http://localhost:3000/_next/static/chunks/node_modules_next_dist_1ybzpk2._.js:2477
[ 5142987ms] [ERROR] Failed to load resource: the server responded with a status of 404 (Not Found) @ http://localhost:3000/testimonials?_rsc=znfyuTjL0n0OlFjg:0
[ 5143133ms] [ERROR] Failed to load resource: the server responded with a status of 404 (Not Found) @ http://localhost:3000/testimonials:0
[ 5143192ms] [INFO] %cDownload the React DevTools for a better development experience: https://react.dev/link/react-devtools font-weight:bold @ http://localhost:3000/_next/static/chunks/node_modules_next_dist_1ybzpk2._.js:2477
[ 5143240ms] [LOG] [HMR] connected @ http://localhost:3000/_next/static/chunks/node_modules_next_dist_1ybzpk2._.js:2477
[ 5149290ms] [LOG] [Fast Refresh] rebuilding @ http://localhost:3000/_next/static/chunks/node_modules_next_dist_1ybzpk2._.js:2477
[ 5149387ms] [LOG] [Fast Refresh] done in 193ms @ http://localhost:3000/_next/static/chunks/node_modules_next_dist_1ybzpk2._.js:2477
[ 5149489ms] [LOG] [Fast Refresh] rebuilding @ http://localhost:3000/_next/static/chunks/node_modules_next_dist_1ybzpk2._.js:2477
[ 5149775ms] [LOG] [Fast Refresh] done in 386ms @ http://localhost:3000/_next/static/chunks/node_modules_next_dist_1ybzpk2._.js:2477
[ 5149932ms] [ERROR] Failed to load resource: the server responded with a status of 404 (Not Found) @ http://localhost:3000/testimonials?_rsc=znfyuTjL0n0OlFjg:0
[ 5149941ms] [LOG] [Fast Refresh] rebuilding @ http://localhost:3000/_next/static/chunks/node_modules_next_dist_1ybzpk2._.js:2477
[ 5149965ms] [LOG] [Fast Refresh] done in 124ms @ http://localhost:3000/_next/static/chunks/node_modules_next_dist_1ybzpk2._.js:2477
[ 5150068ms] [LOG] [Fast Refresh] rebuilding @ http://localhost:3000/_next/static/chunks/node_modules_next_dist_1ybzpk2._.js:2477
[ 5150124ms] [LOG] [Fast Refresh] done in 158ms @ http://localhost:3000/_next/static/chunks/node_modules_next_dist_1ybzpk2._.js:2477
[ 5150144ms] [ERROR] Failed to load resource: the server responded with a status of 404 (Not Found) @ http://localhost:3000/testimonials:0
[ 5150231ms] [INFO] %cDownload the React DevTools for a better development experience: https://react.dev/link/react-devtools font-weight:bold @ http://localhost:3000/_next/static/chunks/node_modules_next_dist_1ybzpk2._.js:2477
[ 5150308ms] [LOG] [HMR] connected @ http://localhost:3000/_next/static/chunks/node_modules_next_dist_1ybzpk2._.js:2477
[ 5158571ms] [LOG] [Fast Refresh] rebuilding @ http://localhost:3000/_next/static/chunks/node_modules_next_dist_1ybzpk2._.js:2477
[ 5158618ms] [LOG] [Fast Refresh] done in 162ms @ http://localhost:3000/_next/static/chunks/node_modules_next_dist_1ybzpk2._.js:2477
[ 5198070ms] [LOG] [Fast Refresh] rebuilding @ http://localhost:3000/_next/static/chunks/node_modules_next_dist_1ybzpk2._.js:2477
[ 5198341ms] [LOG] [Fast Refresh] done in 373ms @ http://localhost:3000/_next/static/chunks/node_modules_next_dist_1ybzpk2._.js:2477
[ 5216085ms] [LOG] [Fast Refresh] rebuilding @ http://localhost:3000/_next/static/chunks/node_modules_next_dist_1ybzpk2._.js:2477
[ 5216128ms] [LOG] [Fast Refresh] done in 166ms @ http://localhost:3000/_next/static/chunks/node_modules_next_dist_1ybzpk2._.js:2477
[ 5223708ms] [LOG] [Fast Refresh] rebuilding @ http://localhost:3000/_next/static/chunks/node_modules_next_dist_1ybzpk2._.js:2477
[ 5223799ms] [LOG] [Fast Refresh] done in 191ms @ http://localhost:3000/_next/static/chunks/node_modules_next_dist_1ybzpk2._.js:2477
[ 5235324ms] [LOG] [Fast Refresh] rebuilding @ http://localhost:3000/_next/static/chunks/node_modules_next_dist_1ybzpk2._.js:2477
[ 5236054ms] [LOG] [Fast Refresh] done in 830ms @ http://localhost:3000/_next/static/chunks/node_modules_next_dist_1ybzpk2._.js:2477
[ 5242402ms] [LOG] [Fast Refresh] rebuilding @ http://localhost:3000/_next/static/chunks/node_modules_next_dist_1ybzpk2._.js:2477
[ 5243003ms] [LOG] [Fast Refresh] done in 702ms @ http://localhost:3000/_next/static/chunks/node_modules_next_dist_1ybzpk2._.js:2477
[ 5555754ms] [INFO] %cDownload the React DevTools for a better development experience: https://react.dev/link/react-devtools font-weight:bold @ http://localhost:3000/_next/static/chunks/node_modules_next_dist_1ybzpk2._.js:2477
[ 5556127ms] [LOG] [HMR] connected @ http://localhost:3000/_next/static/chunks/node_modules_next_dist_1ybzpk2._.js:2477
[ 5910354ms] [LOG] [HMR] connected @ http://localhost:3000/_next/static/chunks/node_modules_next_dist_1ybzpk2._.js:2477
[ 5917425ms] [INFO] %cDownload the React DevTools for a better development experience: https://react.dev/link/react-devtools font-weight:bold @ http://localhost:3000/_next/static/chunks/node_modules_next_dist_1ybzpk2._.js:2477
[ 5917860ms] [LOG] [HMR] connected @ http://localhost:3000/_next/static/chunks/node_modules_next_dist_1ybzpk2._.js:2477
[ 5919381ms] [LOG] [Fast Refresh] rebuilding @ http://localhost:3000/_next/static/chunks/node_modules_next_dist_1ybzpk2._.js:2477
[ 5919555ms] [ERROR] Can't perform a React state update on a component that hasn't mounted yet. This indicates that you have a side-effect in your render function that asynchronously tries to update the component. Move this work to useEffect instead. @ http://localhost:3000/_next/static/chunks/node_modules_next_dist_1ybzpk2._.js:3318
[ 5924314ms] [LOG] [HMR] connected @ http://localhost:3000/_next/static/chunks/node_modules_next_dist_1ybzpk2._.js:2477
[ 5924365ms] [ERROR] Failed to load resource: the server responded with a status of 500 (Internal Server Error) @ http://localhost:3000/:0
[ 5925320ms] [INFO] %cDownload the React DevTools for a better development experience: https://react.dev/link/react-devtools font-weight:bold @ http://localhost:3000/_next/static/chunks/node_modules_react-dom_0kla17-._.js:15305
[ 5925719ms] Error: An unexpected Turbopack error occurred. Please see the output of `next dev` for more details.
    at getServerError (http://localhost:3000/_next/static/chunks/node_modules_next_dist_1gdrd03._.js:2075:62)
    at http://localhost:3000/_next/static/chunks/node_modules_next_dist_client_16lnmlo._.js:3686:27
[ 5925769ms] [LOG] [HMR] connected @ http://localhost:3000/_next/static/chunks/node_modules_next_dist_1gdrd03._.js:1226
[ 5926475ms] [LOG] [Fast Refresh] rebuilding @ http://localhost:3000/_next/static/chunks/node_modules_next_dist_1gdrd03._.js:1226
[ 5926854ms] [LOG] [Fast Refresh] done in 479ms @ http://localhost:3000/_next/static/chunks/node_modules_next_dist_1gdrd03._.js:1226
[ 5932884ms] [LOG] [Fast Refresh] rebuilding @ http://localhost:3000/_next/static/chunks/node_modules_next_dist_1gdrd03._.js:1226
[ 5932922ms] [LOG] [Fast Refresh] done in 138ms @ http://localhost:3000/_next/static/chunks/node_modules_next_dist_1gdrd03._.js:1226
[ 5938167ms] [LOG] [Fast Refresh] rebuilding @ http://localhost:3000/_next/static/chunks/node_modules_next_dist_1gdrd03._.js:1226
[ 5938236ms] [LOG] [Fast Refresh] done in 169ms @ http://localhost:3000/_next/static/chunks/node_modules_next_dist_1gdrd03._.js:1226
[ 5959414ms] [LOG] [Fast Refresh] rebuilding @ http://localhost:3000/_next/static/chunks/node_modules_next_dist_1gdrd03._.js:1226
[ 5959455ms] [LOG] [Fast Refresh] done in 142ms @ http://localhost:3000/_next/static/chunks/node_modules_next_dist_1gdrd03._.js:1226
[ 6017061ms] [LOG] [Fast Refresh] rebuilding @ http://localhost:3000/_next/static/chunks/node_modules_next_dist_1gdrd03._.js:1226
[ 6017109ms] [LOG] [Fast Refresh] done in 75ms @ http://localhost:3000/_next/static/chunks/node_modules_next_dist_1gdrd03._.js:1226
[ 6017232ms] [LOG] [Fast Refresh] rebuilding @ http://localhost:3000/_next/static/chunks/node_modules_next_dist_1gdrd03._.js:1226
[ 6017873ms] [LOG] [Fast Refresh] done in 742ms @ http://localhost:3000/_next/static/chunks/node_modules_next_dist_1gdrd03._.js:1226
[ 6018575ms] [INFO] %cDownload the React DevTools for a better development experience: https://react.dev/link/react-devtools font-weight:bold @ http://localhost:3000/_next/static/chunks/node_modules_next_dist_1ybzpk2._.js:2477
[ 6018635ms] [LOG] [HMR] connected @ http://localhost:3000/_next/static/chunks/node_modules_next_dist_1ybzpk2._.js:2477
[ 6019062ms] [LOG] [Fast Refresh] rebuilding @ http://localhost:3000/_next/static/chunks/node_modules_next_dist_1ybzpk2._.js:2477
[ 6019085ms] [LOG] [Fast Refresh] done in 271ms @ http://localhost:3000/_next/static/chunks/node_modules_next_dist_1ybzpk2._.js:2477
[ 6034186ms] [LOG] [Fast Refresh] rebuilding @ http://localhost:3000/_next/static/chunks/node_modules_next_dist_1ybzpk2._.js:2477
[ 6034231ms] [LOG] [Fast Refresh] done in 146ms @ http://localhost:3000/_next/static/chunks/node_modules_next_dist_1ybzpk2._.js:2477
[ 6075174ms] [LOG] [Fast Refresh] rebuilding @ http://localhost:3000/_next/static/chunks/node_modules_next_dist_1ybzpk2._.js:2477
[ 6075347ms] [LOG] [Fast Refresh] done in 89ms @ http://localhost:3000/_next/static/chunks/node_modules_next_dist_1ybzpk2._.js:2477
[ 6075458ms] [LOG] [Fast Refresh] rebuilding @ http://localhost:3000/_next/static/chunks/node_modules_next_dist_1ybzpk2._.js:2477
[ 6075567ms] [LOG] [Fast Refresh] done in 210ms @ http://localhost:3000/_next/static/chunks/node_modules_next_dist_1ybzpk2._.js:2477
[ 6096502ms] [LOG] [Fast Refresh] rebuilding @ http://localhost:3000/_next/static/chunks/node_modules_next_dist_1ybzpk2._.js:2477
[ 6096659ms] [LOG] [Fast Refresh] done in 103ms @ http://localhost:3000/_next/static/chunks/node_modules_next_dist_1ybzpk2._.js:2477
[ 6096774ms] [LOG] [Fast Refresh] rebuilding @ http://localhost:3000/_next/static/chunks/node_modules_next_dist_1ybzpk2._.js:2477
[ 6096797ms] [LOG] [Fast Refresh] done in 130ms @ http://localhost:3000/_next/static/chunks/node_modules_next_dist_1ybzpk2._.js:2477
[ 6101488ms] [LOG] [Fast Refresh] rebuilding @ http://localhost:3000/_next/static/chunks/node_modules_next_dist_1ybzpk2._.js:2477
[ 6101631ms] [LOG] [Fast Refresh] done in 31ms @ http://localhost:3000/_next/static/chunks/node_modules_next_dist_1ybzpk2._.js:2477
[ 6107418ms] [LOG] [Fast Refresh] rebuilding @ http://localhost:3000/_next/static/chunks/node_modules_next_dist_1ybzpk2._.js:2477
[ 6107588ms] [LOG] [Fast Refresh] done in 259ms @ http://localhost:3000/_next/static/chunks/node_modules_next_dist_1ybzpk2._.js:2477
[ 6245836ms] [LOG] [Fast Refresh] rebuilding @ http://localhost:3000/_next/static/chunks/node_modules_next_dist_1ybzpk2._.js:2477
[ 6246043ms] [LOG] [Fast Refresh] done in 309ms @ http://localhost:3000/_next/static/chunks/node_modules_next_dist_1ybzpk2._.js:2477
[ 6264791ms] [LOG] [Fast Refresh] rebuilding @ http://localhost:3000/_next/static/chunks/node_modules_next_dist_1ybzpk2._.js:2477
[ 6265016ms] [LOG] [Fast Refresh] done in 45ms @ http://localhost:3000/_next/static/chunks/node_modules_next_dist_1ybzpk2._.js:2477
[ 6342090ms] [LOG] [Fast Refresh] rebuilding @ http://localhost:3000/_next/static/chunks/node_modules_next_dist_1ybzpk2._.js:2477
[ 6342317ms] [LOG] [Fast Refresh] done in 329ms @ http://localhost:3000/_next/static/chunks/node_modules_next_dist_1ybzpk2._.js:2477
[ 6358089ms] [LOG] [Fast Refresh] rebuilding @ http://localhost:3000/_next/static/chunks/node_modules_next_dist_1ybzpk2._.js:2477
[ 6358180ms] [LOG] [Fast Refresh] done in 192ms @ http://localhost:3000/_next/static/chunks/node_modules_next_dist_1ybzpk2._.js:2477
